"","pred.g","target.g"
"1",7.62616025578784,6.87671265694219
"2",8.53043746989553,10.4567126569422
"3",9.50646803131556,12.0367126569422
"4",9.84178863519318,11.2867126569422
"5",9.32305433466541,9.45671265694219
"6",6.39781571861954,5.17671265694219
"7",1.16766770188483,0.486712656942194
"8",1.27364228814602,0.106712656942193
"9",3.49163857035728,2.53671265694219
"10",6.76195622634032,10.6367126569422
"11",9.8247445287204,13.2167126569422
"12",10.367878115217,8.42671265694219
"13",9.23379348699502,8.67671265694219
"14",8.88432578738246,9.91671265694219
"15",9.80756699676686,9.96671265694219
"16",10.3395375843585,8.60671265694219
"17",10.2280026709517,10.4867126569422
"18",10.4466526788459,13.4767126569422
"19",9.72138212574861,9.86671265694219
"20",9.42194498664445,12.0367126569422
"21",9.03981840453585,7.21671265694219
"22",8.88717486082182,9.04671265694219
"23",10.2739969109286,11.1767126569422
"24",9.96487004589265,10.9467126569422
"25",8.31491856654672,6.00671265694219
"26",6.22514397160266,4.35671265694219
"27",6.43825322674812,7.52671265694219
"28",8.19775181952409,9.45671265694219
"29",9.13828561037836,9.47671265694219
"30",8.93934342484221,8.34671265694219
"31",8.31899723169197,8.96671265694219
"32",7.38862135438454,8.88671265694219
"33",8.03705401071129,7.23671265694219
"34",8.23676159511309,9.99671265694219
"35",8.54528045541334,8.42671265694219
"36",7.91163006402633,8.00671265694219
"37",8.35092586934124,8.80671265694219
"38",7.74201431978723,5.94671265694219
"39",5.91507753551664,6.48671265694219
"40",6.35038176177853,5.56671265694219
"41",7.86767555609964,8.16671265694219
"42",8.93564346435492,9.11671265694219
"43",9.49421445887038,10.0967126569422
"44",10.1162384574672,13.4467126569422
"45",9.93441388226154,5.28671265694219
"46",5.9953996749314,8.34671265694219
"47",5.1114103244933,6.10671265694219
"48",6.72784644161044,8.26671265694219
"49",8.99072581716761,9.83671265694219
"50",9.7927663558627,12.1367126569422
"51",10.2829547941036,11.9767126569422
"52",9.23084774000373,12.5267126569422
"53",10.1445078813329,8.42671265694219
"54",5.85556897214476,6.12671265694219
"55",6.49293530311855,5.59671265694219
"56",8.78381245785004,5.61671265694219
"57",8.528536756011,7.15671265694219
"58",8.55381409349686,8.34671265694219
"59",8.53614600318893,9.83671265694219
"60",9.17035885887803,8.83671265694219
"61",9.29452764729792,10.6367126569422
"62",9.8767301320516,11.6467126569422
"63",10.1174352920192,10.2267126569422
"64",9.50074351892268,7.00671265694219
"65",5.9916997144441,8.39671265694219
"66",7.02524944134931,8.57671265694219
"67",6.95610308411903,4.79671265694219
"68",6.66770830171858,3.38671265694219
"69",1.91598071566538,4.35671265694219
"70",6.37526841028183,7.77671265694219
"71",7.56067071547622,7.67671265694219
"72",5.96594779770334,3.82671265694219
"73",6.65126900416156,9.94671265694219
"74",6.90265139840946,1.64671265694219
"75",2.15569916623934,-2.15328734305781
"76",1.39552346873492,-1.10328734305781
"77",3.17487369576436,3.00671265694219
"78",6.0926948138262,5.61671265694219
"79",7.48484749152335,9.47671265694219
"80",7.72178717669571,10.1467126569422
"81",7.97869754041275,8.26671265694219
"82",7.45099736716021,10.3867126569422
"83",9.6154398971639,9.94671265694219
"84",9.88230444090927,13.6567126569422
"85",9.05907082255838,8.13671265694219
"86",8.78594327076725,10.6367126569422
"87",7.20330055221006,6.12671265694219
"88",5.45236116407681,4.02671265694219
"89",4.54176661298509,6.20671265694219
"90",6.75908558111665,4.30671265694219
"91",7.05356999833336,5.46671265694219
"92",6.99280627669641,5.92671265694219
"93",7.2892057889872,8.49671265694219
"94",6.81168478186833,6.72671265694219
"95",5.84206823098425,4.15671265694219
"96",4.32499894301101,4.41671265694219
"97",2.6742545008528,3.33671265694219
"98",2.90866489431437,1.89671265694219
"99",4.31797293296452,5.25671265694219
"100",2.43280311693897,0.946712656942193
"101",0.581245087020708,-1.66328734305781
"102",-2.48558427968612,-5.74328734305781
"103",-0.528585814841868,-0.843287343057806
"104",1.92102791397857,0.646712656942194
"105",3.07323324050154,1.41671265694219
"106",4.35577229176703,3.84671265694219
"107",5.29428232967069,5.25671265694219
"108",3.43102625068801,1.56671265694219
"109",4.11198076873265,3.79671265694219
"110",5.13069470071482,-2.20328734305781
"111",-3.184385853953,-4.53328734305781
"112",0.071796890358462,0.516712656942193
"113",2.5608492338505,1.46671265694219
"114",0.565519955341589,3.56671265694219
"115",1.27465386501321,2.74671265694219
"116",2.86016553101476,4.23671265694219
"117",4.12934245980783,3.23671265694219
"118",4.63613278294306,4.38671265694219
"119",5.78751159054484,3.97671265694219
"120",3.85947664170043,1.15671265694219
"121",2.93772088935253,3.38671265694219
"122",3.33194205186637,3.94671265694219
"123",3.42211191055909,2.33671265694219
"124",3.17000206780684,3.61671265694219
"125",1.58145157655946,2.41671265694219
"126",3.63716342524777,3.43671265694219
"127",-0.769409819361906,-3.99328734305781
"128",-3.01803463974005,-4.23328734305781
"129",-1.70089424669657,-3.46328734305781
"130",-0.57201790608456,1.00671265694219
"131",1.01418325806005,-2.53328734305781
"132",-1.42806150929105,-4.97328734305781
"133",-5.33861793912026,-6.10328734305781
"134",-4.89521151046112,-8.20328734305781
"135",-5.65743293217796,-7.64328734305781
"136",-3.89042975532574,-6.28328734305781
"137",-3.40847614600788,-4.58328734305781
"138",-1.55923393701813,-3.51328734305781
"139",-1.46560400406923,-0.923287343057806
"140",-0.330882009516319,-0.513287343057806
"141",0.372290797220565,-1.05328734305781
"142",1.16433526068584,2.71671265694219
"143",0.523846014455153,0.716712656942192
"144",0.214578733082466,-0.583287343057806
"145",2.25454108196493,-4.66328734305781
"146",-3.64311004712359,-4.02328734305781
"147",-2.01159285590622,-6.10328734305781
"148",-6.3256093638366,-7.38328734305781
"149",-4.79724045565783,-7.40328734305781
"150",-3.49370466792155,-6.66328734305781
"151",-2.88565139574899,-2.53328734305781
"152",-1.19433941554009,-2.92328734305781
"153",-2.33199557223716,-5.43328734305781
"154",-4.74402685853068,-6.28328734305781
"155",-3.72420797181866,-3.76328734305781
"156",-5.65017522518885,-2.94328734305781
"157",-5.68707336278003,-6.53328734305781
"158",-4.45533885965457,-5.12328734305781
"159",-3.22751623982342,-4.92328734305781
"160",-3.1764078890543,-5.33328734305781
"161",-2.40641982602954,-0.123287343057807
"162",0.582478923174894,0.716712656942192
"163",0.198491425126431,-0.943287343057807
"164",-0.551631870822466,-1.74328734305781
"165",-1.38296948921929,-2.94328734305781
"166",-3.81733895738594,-4.51328734305781
"167",-3.10472604821218,-4.66328734305781
"168",-3.04565451321139,-3.92328734305781
"169",-1.58619786845534,-6.66328734305781
"170",-6.69377181089944,-9.71328734305781
"171",-7.25071213831178,-12.8732873430578
"172",-7.75906961162966,-15.2132873430578
"173",-9.55616862341946,-14.6532873430578
"174",-10.0621460098681,-14.3232873430578
"175",-9.23895793195073,-12.3432873430578
"176",-8.43955953735658,-10.6332873430578
"177",-6.89674712114729,-10.5832873430578
"178",-7.17536908629863,-9.04328734305781
"179",-4.62453675044196,-7.82328734305781
"180",-3.1913767099806,-3.87328734305781
"181",-3.95181586288789,-7.17328734305781
"182",-6.1695199273172,-5.38328734305781
"183",-6.41617410602551,-10.2232873430578
"184",-7.72963211559114,-12.0832873430578
"185",-7.41177506954797,-10.1932873430578
"186",-6.11885259969405,-9.50328734305781
"187",-6.06077176886175,-10.2732873430578
"188",-6.30266817069642,-9.35328734305781
"189",-5.74696862035961,-7.82328734305781
"190",-5.11493691175111,-8.28328734305781
"191",-5.95203958950579,-9.38328734305781
"192",-6.78693555362067,-9.15328734305781
"193",-5.95017642650506,-7.71328734305781
"194",-4.81788705011101,-1.48328734305781
"195",-2.86974659906996,-7.15328734305781
"196",-3.90181486371355,-4.56328734305781
"197",-2.54564691833288,-4.43328734305781
"198",-1.91374384147529,-8.23328734305781
"199",-6.73852447484575,-15.2432873430578
"200",-9.71501285669123,-13.1832873430578
"201",-8.2630560022816,-10.2232873430578
"202",-8.84226160692563,-12.3132873430578
"203",-8.89899060594093,-13.9732873430578
"204",-8.83017501607013,-13.3632873430578
"205",-7.73130592626289,-8.46328734305781
"206",-6.41697465891005,-10.3732873430578
"207",-9.09980234611761,-12.9032873430578
"208",-8.26162427496715,-9.55328734305781
"209",-6.25915868069057,-8.23328734305781
"210",-5.04526883692243,-6.74328734305781
"211",-5.79511923981282,-11.3732873430578
"212",-7.76812336940164,-12.1132873430578
"213",-7.4870054689097,-11.1132873430578
"214",-6.62322248873379,-10.5032873430578
"215",-5.72769622846271,-7.23328734305781
"216",-5.12986618440617,-7.99328734305781
"217",-5.32357122008393,-4.76328734305781
"218",-3.50963183533987,-6.87328734305781
"219",-4.62832539493144,-7.82328734305781
"220",-4.83107300301153,-9.99328734305781
"221",-7.74913380756574,-11.7732873430578
"222",-7.791876300796,-10.6032873430578
"223",-7.27671253004964,-12.1632873430578
"224",-7.60400283747772,-10.5232873430578
"225",-6.22226373891929,-12.2832873430578
"226",-9.38049520256307,-12.7932873430578
"227",-9.20298658213007,-10.7032873430578
"228",-8.18487506219873,-11.8332873430578
"229",-7.49890430534617,-8.66328734305781
"230",-5.69066866016565,-4.64328734305781
"231",-4.18523215662234,-8.07328734305781
"232",-5.79314901684549,-7.43328734305781
"233",-4.63949798129601,-4.20328734305781
"234",-3.3486326207629,-6.48328734305781
"235",-5.14085341321664,-7.23328734305781
"236",-3.21005787519631,-6.20328734305781
"237",-2.9343676753242,-3.97328734305781
"238",-4.86491433886995,-7.58328734305781
"239",-5.68331827439948,-9.94328734305781
"240",-6.08847473365045,-7.79328734305781
"241",-5.14136554335535,-7.58328734305781
"242",-4.89767149282787,-7.84328734305781
"243",-5.33177249289803,-5.35328734305781
"244",-2.59032567894404,-1.43328734305781
"245",-0.872426075090953,-5.40328734305781
"246",-3.35559331624022,-8.25328734305781
"247",-3.61908626999285,-2.92328734305781
"248",-2.02701528351934,-4.99328734305781
"249",-1.8046481376059,-2.82328734305781
"250",-2.728668727568,-3.05328734305781
"251",-4.89689331068262,-7.40328734305781
"252",-7.13702563915843,-6.40328734305781
"253",-6.89371109224387,-7.05328734305781
"254",-6.45822470424778,-10.9332873430578
"255",-6.01407205164238,-9.91328734305781
"256",-5.0992829869341,-9.25328734305781
"257",-4.57546174008316,-3.76328734305781
"258",-2.32866073417325,-2.51328734305781
"259",-1.22758672837491,-0.513287343057806
"260",0.761558339022619,1.30671265694219
"261",0.889292214343149,-0.153287343057807
"262",0.883346591161044,2.89671265694219
"263",1.05603541584051,0.436712656942193
"264",-0.0614853777177469,0.436712656942193
"265",0.526444565575299,-3.35328734305781
"266",-0.850575056013588,1.35671265694219
"267",-1.57584820571459,-4.25534212660684
"268",-4.18482708645022,-2.23328734305781
"269",0.582644007246517,-2.38328734305781
"270",0.188533499996655,0.516712656942193
"271",0.87552681934731,-0.583287343057806
"272",1.57858382754756,2.69671265694219
"273",3.22560454030798,3.87671265694219
"274",0.983763746488399,-0.943287343057807
"275",0.565293701279724,1.23671265694219
"276",-2.09668016252813,-5.58328734305781
"277",-3.95462978230837,-7.74328734305781
"278",-4.31090937203423,-6.35328734305781
"279",-3.05737718007596,-6.25328734305781
"280",-2.80947942794971,-3.15328734305781
"281",-1.11331179888278,-2.17328734305781
"282",0.644112107562939,-1.28328734305781
"283",-3.29286556353699,-5.58328734305781
"284",-4.22809768891868,-8.10328734305781
"285",-3.28106300117496,-5.51328734305781
"286",-2.97983021076543,2.64671265694219
"287",0.690983300493724,-1.87328734305781
"288",0.846351879887313,0.106712656942193
"289",-0.136193959611706,1.30671265694219
"290",-2.07016045005679,-0.463287343057807
"291",-0.977190244565643,-3.17328734305781
"292",-0.863245682955504,-1.76328734305781
"293",1.31373984093291,2.92671265694219
"294",0.171914237831605,2.15671265694219
"295",1.0003523487563,-0.613287343057806
"296",-0.946514168577776,-1.07328734305781
"297",-0.934174708472825,-0.283287343057808
"298",-0.0441806121845046,0.106712656942193
"299",-0.241228874953408,-1.84328734305781
"300",0.623422319606445,-1.51328734305781
"301",1.75484028579666,1.41671265694219
"302",3.51814789641395,3.48671265694219
"303",4.51800728995093,0.416712656942194
"304",-0.281263909513544,-3.46328734305781
"305",0.0789471379034948,-1.25328734305781
"306",1.66475711371868,-0.483287343057807
"307",3.36409259925983,5.07671265694219
"308",4.41154174585786,5.15671265694219
"309",3.31320655771239,3.76671265694219
"310",3.53566258736676,0.976712656942194
"311",-0.665492642029646,-4.79328734305781
"312",-2.44574399040104,-3.05328734305781
"313",0.000213820325072843,-0.153287343057807
"314",1.5518635773776,1.43671265694219
"315",3.65074565981568,4.48671265694219
"316",1.65807645195996,1.82671265694219
"317",4.44023142004017,7.00671265694219
"318",4.96198577037187,1.10671265694219
"319",2.19514237490205,2.87671265694219
"320",4.35457146244023,4.28671265694219
"321",3.86462630598911,1.46671265694219
"322",5.04839994146782,6.77671265694219
"323",4.51317441130968,5.71671265694219
"324",7.11713964984105,4.76671265694219
"325",7.55849596003541,7.82671265694219
"326",8.08378648508461,5.38671265694219
"327",8.65332952826603,6.97671265694219
"328",9.17722427897463,5.87671265694219
"329",1.72679237219768,3.02671265694219
"330",0.528278616654141,1.17671265694219
"331",0.856430197544821,0.846712656942193
"332",1.93510110637836,5.00671265694219
"333",5.39712780877392,3.53671265694219
"334",6.31834846102759,3.51671265694219
"335",6.78193569338973,5.53671265694219
"336",5.62790994795716,5.66671265694219
"337",5.1258322607395,6.30671265694219
"338",5.08335102578594,3.12671265694219
"339",6.78239908727499,8.98671265694219
"340",9.33637211513674,8.16671265694219
"341",8.91718041384727,5.12671265694219
"342",0.872718193003535,-0.463287343057807
"343",0.635640787967433,1.17671265694219
"344",1.02662897917662,2.64671265694219
"345",5.46737352804923,8.98671265694219
"346",7.50039915010361,5.15671265694219
"347",8.15177675446667,8.37671265694219
"348",7.51397179721183,8.47671265694219
"349",6.30137865736744,2.69671265694219
"350",2.98793920427996,3.48671265694219
"351",6.45941434820493,7.46671265694219
"352",9.13348628784604,12.6467126569422
"353",9.39790043668437,9.29671265694219
"354",8.51462295512863,9.91671265694219
"355",9.05613546198177,8.47671265694219
"356",7.33179568181731,-0.693287343057806
"357",1.65286267153457,1.48671265694219
"358",5.07634339170387,3.79671265694219
"359",8.00612087096035,6.87671265694219
"360",5.94534594472873,0.896712656942194
"361",6.01949216218996,5.41671265694219
"362",7.58316529278562,8.83671265694219
"363",7.13774230177063,8.00671265694219
"364",9.66889318078342,8.75671265694219
"365",8.3060389809592,8.57671265694219
"366",9.91316966948737,7.46671265694219
"367",4.9981153132775,1.33671265694219
"368",5.91551296597779,7.39671265694219
"369",6.24713121250319,2.66671265694219
"370",2.21658073373504,2.10671265694219
"371",4.05209669652271,4.61671265694219
"372",8.47189004935807,7.23671265694219
"373",9.74340372171305,11.8567126569422
"374",10.233117580699,4.84671265694219
"375",2.20077181165296,1.02671265694219
"376",2.37592671073085,2.10671265694219
"377",4.55878834871858,3.61671265694219
"378",4.92908959824838,6.66671265694219
"379",7.96110694873735,8.62671265694219
"380",9.56530147773393,11.1567126569422
"381",6.68185779431845,3.84671265694219
"382",2.43349780828937,0.826712656942194
"383",5.02688328504732,2.07671265694219
"384",6.82273592707677,8.42671265694219
"385",7.66938451886777,8.96671265694219
"386",8.20163074592569,7.80671265694219
"387",9.22583349858325,7.62671265694219
"388",9.49903775005194,9.78671265694219
"389",8.58010929962034,7.54671265694219
"390",9.85022080599493,10.0967126569422
"391",10.5502627578599,14.8367126569422
"392",10.9413815782074,11.3067126569422
"393",10.7395280007439,11.1067126569422
"394",10.3471811866004,10.5067126569422
"395",9.60188402811014,11.8767126569422
"396",10.2508735560542,9.40671265694219
"397",8.82795072542089,9.55671265694219
"398",8.59971245887672,9.09671265694219
"399",8.54399653476918,9.01671265694219
"400",7.88309458815412,8.00671265694219
"401",7.41822663096773,9.37671265694219
"402",8.41441962012635,7.67671265694219
"403",8.19267685752554,6.87671265694219
"404",8.74987684530461,8.00671265694219
"405",8.74016714549851,5.51671265694219
"406",4.24883136946409,3.94671265694219
"407",7.32608235479407,7.13671265694219
"408",7.49313904624958,7.59671265694219
"409",6.98480713949088,8.21671265694219
"410",7.63124400629111,9.04671265694219
"411",8.29873493458156,8.98671265694219
"412",8.83424009898081,9.73671265694219
"413",9.79207925458456,8.31671265694219
"414",6.07415106886612,4.59671265694219
"415",7.03415539245099,6.43671265694219
"416",8.93147931102739,8.60671265694219
"417",9.74677291484087,11.0267126569422
"418",9.50177017606502,10.2067126569422
"419",9.47177421049926,9.40671265694219
"420",8.83088129226766,9.24671265694219
"421",8.72211236098287,8.78671265694219
"422",7.73356057720117,6.36671265694219
"423",7.83101231127099,6.74671265694219
"424",8.2244233334406,10.3267126569422
"425",8.1194646184296,9.45671265694219
"426",8.10740519204324,8.03671265694219
"427",8.68892936402351,6.51671265694219
"428",8.37201748171526,5.23671265694219
"429",2.02700050285231,-0.973287343057807
"430",-0.00906564222722433,-0.203287343057807
"431",1.36911371244196,3.87671265694219
"432",4.01130245499797,4.33671265694219
"433",6.25997281580967,5.82671265694219
"434",7.78768338508939,7.00671265694219
"435",8.5485098314206,5.79671265694219
"436",4.25710814352328,2.33671265694219
"437",2.00639685222902,0.846712656942193
"438",2.99100759085985,1.87671265694219
"439",5.57115857820256,4.35671265694219
"440",7.99688894622904,8.78671265694219
"441",6.80695017468895,-0.993287343057807
"442",1.02758932305607,1.48671265694219
"443",1.79486453446464,4.30671265694219
"444",3.08377664982363,1.87671265694219
"445",4.60996301275059,3.28671265694219
"446",5.77062328029209,3.64671265694219
"447",3.64550211831749,5.25671265694219
"448",6.49588744174963,9.22671265694219
"449",8.70870909232926,7.21671265694219
"450",5.95019320455953,2.69671265694219
"451",4.50854766305187,3.41671265694219
"452",3.76210520260556,-1.12328734305781
"453",-0.789457197584149,-1.20328734305781
"454",-1.19302353669695,0.416712656942194
"455",0.0969614753235389,2.05671265694219
"456",1.55572812258966,1.94671265694219
"457",3.42012890431218,5.28671265694219
"458",4.55554219465685,6.65042694855089
"459",3.52082159923639,2.72389002688019
"460",5.75559493722018,6.38671265694219
"461",2.39599546099866,2.64671265694219
"462",3.25198343696505,3.59671265694219
"463",4.95534885139801,3.82671265694219
"464",5.94213174886598,2.87671265694219
"465",1.37648207469505,-0.693287343057806
"466",1.85645137946416,3.66671265694219
"467",4.15834053061033,1.92671265694219
"468",4.13814894101517,2.23671265694219
"469",4.19043095664195,2.61671265694219
"470",4.44137712147373,4.33671265694219
"471",4.11350277795923,1.28671265694219
"472",0.46048938431756,0.596712656942193
"473",0.824630890732062,-1.94328734305781
"474",-0.451980214230133,-1.53328734305781
"475",0.115799834930494,-1.15328734305781
"476",1.49591925201671,-0.283287343057808
"477",-1.33208105080693,-2.38328734305781
"478",-1.0155019332456,-1.89328734305781
"479",0.812682369283111,0.646712656942194
"480",2.3185609446008,2.92671265694219
"481",2.96119019173091,0.466712656942192
"482",-0.396849924118965,-3.97328734305781
"483",-4.5493231291347,-6.92328734305781
"484",-3.20969315225041,-3.05328734305781
"485",-0.62551842791695,-1.64328734305781
"486",1.15625852497841,1.74671265694219
"487",2.60373294237252,1.10671265694219
"488",2.99553746582699,1.33671265694219
"489",2.99312382284877,0.0267126569421929
"490",2.35427203483849,0.126712656942193
"491",2.30969094647298,2.12671265694219
"492",3.1129878418656,2.53671265694219
"493",3.41250367803476,4.64671265694219
"494",4.53635608989721,2.92671265694219
"495",3.75723996628783,4.00671265694219
"496",3.96913720673686,2.69671265694219
"497",2.79769743867827,-1.94328734305781
"498",-2.45365963681172,-3.38328734305781
"499",-1.64913634553311,-2.46328734305781
"500",-0.945520068850651,0.106712656942193
"501",0.631732699709259,0.926712656942193
"502",1.59415246392104,4.84671265694219
"503",3.44935467728243,-0.123287343057807
"504",0.604091653931089,-1.87328734305781
"505",-0.107194790246117,-1.74328734305781
"506",-0.702139008934459,-2.02328734305781
"507",-1.92078662957624,-6.28328734305781
"508",-3.00383561193175,-3.69328734305781
"509",-1.17424729583927,-1.25328734305781
"510",0.155653406842027,0.286712656942193
"511",0.337278792585634,-2.69328734305781
"512",-3.00210547493429,-2.53328734305781
"513",-2.13720675413638,-2.53328734305781
"514",-2.09183569903974,-4.07328734305781
"515",-4.63466749951968,-9.86328734305781
"516",-7.51228280639557,-11.7732873430578
"517",-7.40932787046082,-10.0732873430578
"518",-5.66267887054108,-3.48328734305781
"519",-1.95813278116942,-3.87328734305781
"520",-2.37019600643691,-6.43328734305781
"521",-3.75397783312661,-3.82328734305781
"522",-2.40767059004225,-5.71328734305781
"523",-3.67284635232261,-6.20328734305781
"524",-3.18281590742795,-5.74328734305781
"525",-2.89940940041131,-5.76328734305781
"526",-3.12019062070021,-5.33328734305781
"527",-2.26343544821948,-6.17328734305781
"528",-4.15202918578861,-1.89328734305781
"529",-2.16122014485245,-8.33328734305781
"530",-4.83539854524392,-5.33328734305781
"531",-3.60697411257817,-5.40328734305781
"532",-2.59491887109291,-7.23328734305781
"533",-3.48959324562234,-3.71328734305781
"534",-3.58692034271613,-4.71328734305781
"535",-2.85597021844322,-4.61328734305781
"536",-2.5913830958529,-4.92328734305781
"537",-3.22513815034157,-7.71328734305781
"538",-6.23309836732961,-8.51328734305781
"539",-4.05773492177834,-6.33328734305781
"540",-4.74863842664398,-5.33328734305781
"541",-4.29390920808505,-6.20328734305781
"542",-4.20608008772911,-4.84328734305781
"543",-2.93776003814628,-4.05328734305781
"544",-2.37582224736792,-2.76328734305781
"545",-1.30684286211482,-3.58328734305781
"546",-4.0115185723186,-5.58328734305781
"547",-2.65882767898732,-5.30328734305781
"548",-8.10531272896481,-12.2332873430578
"549",-8.90417102999613,-11.3232873430578
"550",-7.22773179637784,-12.0332873430578
"551",-9.45523184775051,-13.9432873430578
"552",-9.23975129424049,-11.2932873430578
"553",-7.28668748290731,-8.33328734305781
"554",-5.48219414282774,-6.76328734305781
"555",-5.78601754474236,-8.94328734305781
"556",-6.69586507293285,-9.78328734305781
"557",-6.55481995858484,-9.94328734305781
"558",-5.43686623129974,-10.2432873430578
"559",-5.58301906480025,-2.97328734305781
"560",-2.81077213709858,-9.61328734305781
"561",-6.13173494970423,-9.12328734305781
"562",-6.81435409043842,-10.1732873430578
"563",-7.05750485158319,-8.87328734305781
"564",-6.29670716763106,-7.58328734305781
"565",-4.83126714907035,-3.15328734305781
"566",-4.80891238888151,-7.12328734305781
"567",-5.51864406667818,-9.17328734305781
"568",-7.22559459182083,-4.79328734305781
"569",-4.40945247859933,-6.12328734305781
"570",-5.64438919326292,-9.73328734305781
"571",-6.96073462610669,-10.5032873430578
"572",-5.78025787833059,-9.99328734305781
"573",-4.87204021828826,-7.35328734305781
"574",-4.80424968764985,-7.30328734305781
"575",-4.50862356377445,-6.74328734305781
"576",-5.81069966077216,-8.40328734305781
"577",-4.99807376761882,-7.43328734305781
"578",-4.28539154910102,-8.94328734305781
"579",-4.22505766524039,-6.20328734305781
"580",-6.961384975456,-8.64328734305781
"581",-7.89188868555936,-13.7432873430578
"582",-9.82888471339869,-13.9732873430578
"583",-9.8455381308889,-12.6932873430578
"584",-9.78554779766734,-15.3432873430578
"585",-9.65027673092065,-13.7132873430578
"586",-8.50158880367328,-14.8832873430578
"587",-8.12341305391399,-13.1832873430578
"588",-7.06035312606757,-7.56328734305781
"589",-5.53727329982054,-6.97328734305781
"590",-5.31363861183992,-5.97328734305781
"591",-4.1467233258024,-3.33328734305781
"592",-1.84557900043128,-3.40328734305781
"593",-4.97721305323245,-6.43328734305781
"594",-5.48396702391634,-8.74328734305781
"595",-5.58853025621493,-9.04328734305781
"596",-5.61586410380537,-8.64328734305781
"597",-5.0920532433691,-9.73328734305781
"598",-4.34060333261959,-7.02328734305781
"599",-3.89323648415145,-5.02328734305781
"600",-3.80964581993567,-5.53328734305781
"601",-6.77302574751317,-9.76328734305781
"602",-7.87919249205825,-13.0832873430578
"603",-7.16968931538432,-10.6532873430578
"604",-5.66160587401021,-5.99328734305781
"605",-4.79861385925914,-11.0932873430578
"606",-7.77991834169141,-12.0832873430578
"607",-6.49021086665522,-11.4232873430578
"608",-6.01212819418922,-7.40328734305781
"609",-6.12923342167881,-10.1732873430578
"610",-6.09031792277681,-10.5032873430578
"611",-5.02124346188173,-6.87328734305781
"612",-2.69051263536934,-3.30328734305781
"613",-3.24342622970978,-4.30328734305781
"614",-2.43856338256697,-7.89328734305781
"615",-8.01245019226899,-12.1332873430578
"616",-9.1516001950298,-10.4532873430578
"617",-8.85953980720596,-10.4532873430578
"618",-8.69678309142366,-11.9032873430578
"619",-8.53004837882291,-3.64328734305781
"620",-3.08591265594818,-7.53328734305781
"621",-3.40232499165856,-5.25328734305781
"622",-0.558914345415792,-3.94328734305781
"623",-0.17710055417974,0.926712656942193
"624",0.0106710423792776,-0.233287343057807
"625",-1.91584968704955,-1.64328734305781
"626",-2.44779490782079,-1.84328734305781
"627",-2.83369894904923,-7.69328734305781
"628",-3.18099508904087,-5.28328734305781
"629",-1.4285426799245,-1.33328734305781
"630",0.669023273997015,0.566712656942194
"631",2.63559926153377,2.69671265694219
"632",3.05537539838715,2.51671265694219
"633",3.76525028886301,0.336712656942193
"634",4.49093310272723,1.20671265694219
"635",-1.58084007639579,-2.69328734305781
"636",-3.64418224469948,-3.58328734305781
"637",-6.99478209234855,-6.53328734305781
"638",-5.84089216926167,-7.87328734305781
"639",-6.90217122646973,-7.99328734305781
"640",-7.98003738790513,-9.20328734305781
"641",-6.98412483194259,-10.2732873430578
"642",-6.41318281860067,-9.61328734305781
"643",-4.71885258623654,-2.53328734305781
"644",-3.07481357344127,-7.61328734305781
"645",-6.13396403408332,-11.0932873430578
"646",-7.12966726384252,-6.92328734305781
"647",-5.57518850709436,-9.86328734305781
"648",-5.20925834023051,-8.97328734305781
"649",-4.30986114310758,-6.76328734305781
"650",-2.45865070853794,-4.99328734305781
"651",-4.05167005456628,-6.46328734305781
"652",-6.08842439948705,-12.1832873430578
"653",-6.73322820231923,-7.38328734305781
"654",-4.28857458571976,-6.89328734305781
"655",-3.24789598331509,-4.79328734305781
"656",-2.02979085310105,-2.56328734305781
"657",-2.12045866048168,-6.56328734305781
"658",-2.4608398451683,-3.92328734305781
"659",-0.685791191722023,-0.023287343057806
"660",1.31487925059604,3.41671265694219
"661",1.68862349671943,-1.10328734305781
"662",3.02747049772862,1.59671265694219
"663",-0.758750561568504,-2.33328734305781
"664",0.662115059874595,2.20671265694219
"665",0.0738945466442303,2.28671265694219
"666",2.18473279053821,2.35671265694219
"667",2.57158119654659,2.76671265694219
"668",4.17276446424396,6.95671265694219
"669",5.73498589365081,6.97671265694219
"670",5.3305820499859,4.15671265694219
"671",6.42457511758326,4.35671265694219
"672",6.86365041132518,5.33671265694219
"673",6.66315026358859,6.00671265694219
"674",3.5597462861206,1.48671265694219
"675",0.277503677860354,-1.38328734305781
"676",1.6358826811985,2.87671265694219
"677",-1.77890381093739,-3.25328734305781
"678",-1.95005574585387,-2.25328734305781
"679",1.11501197506869,1.23671265694219
"680",2.96432469183495,5.76671265694219
"681",4.07596547638838,2.61671265694219
"682",6.74979772953712,5.84671265694219
"683",5.54281804734415,6.25671265694219
"684",7.68061542894548,6.25671265694219
"685",6.00479858125239,4.69671265694219
"686",1.51053713197043,1.71671265694219
"687",2.59729815900722,-0.513287343057806
"688",2.91145085031074,1.51671265694219
"689",2.76899637938758,2.82671265694219
"690",6.30003561405517,3.41671265694219
"691",7.23703482810189,3.48671265694219
"692",3.40685227002204,3.92671265694219
"693",4.0385048744951,1.92671265694219
"694",1.64968063360955,0.716712656942192
"695",-0.482051381432869,-1.56328734305781
"696",2.46625795832844,3.02671265694219
"697",3.94279166644997,3.20671265694219
"698",5.93160232125595,5.30671265694219
"699",7.11185136686429,-0.123287343057807
"700",0.561152867450517,-2.28328734305781
"701",3.66539330084221,0.766712656942193
"702",6.74747596638098,5.71671265694219
"703",3.22232183405616,2.46671265694219
"704",3.50596463200653,1.48671265694219
"705",5.19540925470109,4.87671265694219
"706",6.87231427906956,4.35671265694219
"707",8.52408817471252,6.17671265694219
"708",9.00515334609863,11.5467126569422
"709",8.12848162427275,0.416712656942194
"710",1.58631132006173,3.28671265694219
"711",2.42542556670367,4.71671265694219
"712",5.15237034917526,0.236712656942194
"713",1.50565421877389,0.286712656942193
"714",3.18016177900238,3.30671265694219
"715",6.16494031740289,6.30671265694219
"716",7.53398801619007,6.17671265694219
"717",7.64427176610667,3.79671265694219
"718",3.04644348124879,4.61671265694219
"719",6.98740054733838,4.71671265694219
"720",5.44038243214288,3.05671265694219
"721",7.10054295815404,6.85671265694219
"722",8.92416487823508,6.82671265694219
"723",7.31480750219275,5.12671265694219
"724",6.51620406779831,7.46671265694219
"725",8.57248007856805,7.80671265694219
"726",7.85297398561233,5.92671265694219
"727",7.00131754404064,5.82671265694219
"728",7.69222744054608,8.60671265694219
"729",8.30414066393959,6.46671265694219
"730",8.58477279980699,7.21671265694219
"731",8.88609227683126,9.01671265694219
"732",9.62505931505788,10.6667126569422
"733",10.1238604879248,12.6467126569422
"734",9.67912699505285,8.86671265694219
"735",9.86597859495864,8.11671265694219
"736",9.55666956818853,12.4967126569422
"737",10.4518251133514,10.7967126569422
"738",10.6835316434402,13.2667126569422
"739",10.5363441632476,11.3067126569422
"740",10.5402654342629,10.4067126569422
"741",8.49900178746558,10.8767126569422
"742",9.04204029832017,11.0567126569422
"743",10.0454742164134,12.9567126569422
"744",10.1775798235508,11.7767126569422
"745",10.3354173735546,9.37671265694219
"746",7.70199067033549,7.46671265694219
"747",9.39946638843455,7.23671265694219
"748",4.74293468708043,4.20671265694219
"749",2.53974563715186,2.15671265694219
"750",6.48312493498564,3.69671265694219
"751",8.19539570130404,6.25671265694219
"752",9.05147355970507,12.0367126569422
"753",8.04399053780062,8.00671265694219
"754",9.52281784591544,7.82671265694219
"755",9.9025219965411,11.1267126569422
"756",7.67579053985398,7.26671265694219
"757",8.4685128666805,6.64671265694219
"758",8.88742173790897,6.02671265694219
"759",8.97926560701219,7.82671265694219
"760",9.38478638973156,9.24671265694219
"761",10.4017050698858,9.99671265694219
"762",10.851585430704,11.2067126569422
"763",10.4688476480399,10.4567126569422
"764",9.04372609331654,11.9567126569422
"765",9.84809958053741,10.0467126569422
"766",10.5763078910763,12.3967126569422
"767",9.54706293357414,10.2767126569422
"768",8.71033256883762,13.7867126569422
"769",9.66314869451616,3.43671265694219
"770",-0.112170482089077,-1.84328734305781
"771",1.88092696563303,0.256712656942193
"772",4.65307941690895,4.87671265694219
"773",7.34942302542154,4.38671265694219
"774",6.42252899389335,8.80671265694219
"775",8.75312939100614,5.82671265694219
"776",9.29563340098274,8.98671265694219
"777",9.78789592633764,10.8167126569422
"778",8.6290285137591,7.36671265694219
"779",8.14266946671139,10.2567126569422
"780",8.12526822736497,9.14671265694219
"781",8.77129283339832,11.8567126569422
"782",8.8340643288864,4.87671265694219
"783",5.56969409373415,5.23671265694219
"784",7.99124033455873,9.35671265694219
"785",8.93276962331134,9.45671265694219
"786",8.50316753870305,7.75671265694219
"787",9.46187196254428,8.39671265694219
"788",8.39829511082931,9.35671265694219
"789",8.99471020562586,5.43671265694219
"790",6.3227866559114,2.82671265694219
"791",3.09986620484053,5.33671265694219
"792",3.50915805503994,5.79671265694219
"793",3.19652517583682,3.25671265694219
"794",2.84304792068431,5.76671265694219
"795",6.03253190633013,6.25671265694219
"796",7.48895491904768,6.92671265694219
"797",7.07034565593469,6.33671265694219
"798",0.955329038812353,2.61238471685759
"799",5.29434624606865,1.12781102032219
"800",5.24100801196548,2.48671265694219
"801",0.0046271477352989,2.00671265694219
"802",2.3720461864193,-1.97328734305781
"803",0.940811427707944,0.126712656942193
"804",3.18977560421154,2.53671265694219
"805",5.20723458727989,7.57671265694219
"806",2.16191343803165,3.74264992192499
"807",5.50691460869632,2.97997659157939
"808",3.69092190966758,-1.23527725464712
"809",4.47155604772866,7.26671265694219
"810",2.86569330074516,4.94671265694219
"811",2.35782718473664,2.41671265694219
"812",3.72866933639674,4.82671265694219
"813",6.89549595765709,6.36671265694219
"814",5.19650062719637,1.97671265694219
"815",1.31477069258887,1.61671265694219
"816",4.56415093450799,3.15671265694219
"817",5.68689439686572,6.28671265694219
"818",6.01629474438167,3.66671265694219
"819",2.94760915559546,1.33671265694219
"820",2.72125802070125,0.00671265694219336
"821",3.66224661667481,5.69671265694219
"822",1.25085439449158,0.386712656942194
"823",0.094228549963605,-2.48328734305781
"824",0.650151558019871,-1.66328734305781
"825",1.89580949942208,-1.74328734305781
"826",-2.05502364884708,-5.76328734305781
"827",-0.900960352530706,-2.15328734305781
"828",1.10970791273118,-1.30328734305781
"829",2.48393343896989,3.97671265694219
"830",2.25329670959202,2.30671265694219
"831",3.51156290951343,1.84671265694219
"832",4.1731595474789,1.82671265694219
"833",4.38523135958986,4.20671265694219
"834",5.91439522796835,2.41671265694219
"835",1.8615533061931,-1.69328734305781
"836",-0.25099669873392,5.28671265694219
"837",2.86073059192053,4.71671265694219
"838",3.71830289560152,4.64671265694219
"839",3.80137264117386,6.97671265694219
"840",5.87039118483323,7.57671265694219
"841",6.4731363998934,7.93671265694219
"842",6.77279884430039,1.89671265694219
"843",3.26250507476408,-4.17328734305781
"844",-0.916764680621681,-1.61328734305781
"845",0.945376856171457,-0.303287343057807
"846",-0.328198319756694,-4.02328734305781
"847",-0.609712402046654,-3.53328734305781
"848",-5.29337311890961,-10.1432873430578
"849",-6.12171605432296,-6.56328734305781
"850",-2.74395353518675,-5.02328734305781
"851",-1.08657117536096,-1.56328734305781
"852",-0.203782055033435,-3.25328734305781
"853",-3.80868068232638,-6.89328734305781
"854",-2.61569130095459,-3.74328734305781
"855",-1.7673920681861,-1.48328734305781
"856",-0.324020384455854,1.35671265694219
"857",-0.108076137452454,-3.99328734305781
"858",-0.512217424538837,-0.483287343057807
"859",1.35041487034744,6.17671265694219
"860",4.67274569360832,6.00671265694219
"861",5.07816580800089,0.646712656942194
"862",2.50410086017706,-0.023287343057806
"863",-1.04862780492429,0.876712656942193
"864",-2.736888775824,-0.433287343057806
"865",-0.348482088782041,-1.48328734305781
"866",-0.670751064064237,-4.25328734305781
"867",-2.14382569662331,-3.02328734305781
"868",-1.26130562438348,0.926712656942193
"869",1.00552478326175,-0.173287343057806
"870",0.46982816927672,0.0567126569421941
"871",0.510001622786203,1.94671265694219
"872",1.82792049758304,0.746712656942194
"873",1.81930596530834,2.69671265694219
"874",2.32875081634663,-0.663287343057807
"875",1.35454766469221,3.53671265694219
"876",2.73679389992077,1.12671265694219
"877",0.102163321358993,-1.25328734305781
"878",-0.532826468108212,-2.10328734305781
"879",-0.64902208535924,-2.66328734305781
"880",-1.32146993005075,-1.17328734305781
"881",-0.496873194643851,-3.23328734305781
"882",-0.838398782462196,-5.28328734305781
"883",-6.88638068035207,-8.35328734305781
"884",-5.0780619438542,-5.94328734305781
"885",-3.75918142687607,-0.483287343057807
"886",-0.107593868255921,-4.99328734305781
"887",-4.06686138445301,-6.25328734305781
"888",-3.75753797649335,-7.89328734305781
"889",-6.55090348129944,-9.81328734305781
"890",-7.25554821277293,-8.58328734305781
"891",-4.76715500713492,-7.17328734305781
"892",-4.98170238123463,-7.53328734305781
"893",-3.87349190986457,-8.28328734305781
"894",-4.31292992916495,-7.05328734305781
"895",-3.00461738937438,-2.87328734305781
"896",-2.44705148021694,-5.51328734305781
"897",-4.55272348150652,-7.20328734305781
"898",-4.06394040506593,-7.64328734305781
"899",-4.04423418061783,-7.89328734305781
"900",-4.16349898340372,-5.17328734305781
"901",-5.54090055540515,-6.53328734305781
"902",-5.03485845360361,-7.61328734305781
"903",-5.81253805616868,-8.66328734305781
"904",-5.52298958278494,-10.1732873430578
"905",-5.72315976211703,-7.94328734305781
"906",-4.55377969998292,-7.10328734305781
"907",-4.45676020055435,-8.87328734305781
"908",-3.74530917165238,-7.23328734305781
"909",-5.46927344297878,-10.5232873430578
"910",-7.92407298880049,-11.1932873430578
"911",-7.17060651569514,-10.5832873430578
"912",-6.23054730409577,-5.30328734305781
"913",-3.57862798903493,-6.07328734305781
"914",-4.3882697853582,-4.79328734305781
"915",-4.19300119479518,-9.17328734305781
"916",-6.11179463144858,-9.20328734305781
"917",-5.91885659254642,-8.82328734305781
"918",-5.26791282073457,-4.33328734305781
"919",-2.56650563533181,-5.25328734305781
"920",-2.82093644228523,-2.46328734305781
"921",-2.27291464951542,-5.56328734305781
"922",-5.71039485848811,-6.74328734305781
"923",-4.93955830528034,-8.74328734305781
"924",-6.97856250740954,-10.2432873430578
"925",-6.97529398260852,-10.2732873430578
"926",-6.71668024688567,-11.1632873430578
"927",-6.96389129721127,-9.27328734305781
"928",-6.14562558089234,-9.78328734305781
"929",-5.40798960165338,-10.2432873430578
"930",-7.83833233674812,-10.1932873430578
"931",-7.02797307885766,-10.8032873430578
"932",-8.44924526851345,-13.3832873430578
"933",-7.80642926565803,-11.4232873430578
"934",-6.00159876657919,-8.48328734305781
"935",-6.58404013887028,-9.55328734305781
"936",-6.20018062342181,-10.1932873430578
"937",-6.37458370586861,-10.5032873430578
"938",-7.01639542232098,-7.71328734305781
"939",-5.24131001694587,-8.97328734305781
"940",-5.192362839383,-6.48328734305781
"941",-3.40351303770577,-7.89328734305781
"942",-5.40669209877465,-5.89328734305781
"943",-3.89448045704687,-5.58328734305781
"944",-3.9116364172161,-7.79328734305781
"945",-4.53439225856968,-7.43328734305781
"946",-3.97218921473976,-6.15328734305781
"947",-3.56585030212642,-5.61328734305781
"948",-3.24574759338843,-3.66328734305781
"949",-5.29607518463365,-9.86328734305781
"950",-7.58375731842178,-13.0232873430578
"951",-8.64819624255433,-12.0832873430578
"952",-7.81056545556145,-11.0332873430578
"953",-7.69091955125269,-11.3932873430578
"954",-7.90770000450636,-10.7532873430578
"955",-6.87520330025765,-7.38328734305781
"956",-4.39071698444535,-3.17328734305781
"957",-2.50514669223879,-3.23328734305781
"958",-0.783122483329422,-4.69328734305781
"959",-1.18285303960925,-1.23328734305781
"960",-0.581148763011585,2.71671265694219
"961",-0.560531630023092,-7.07328734305781
"962",-4.50646159161323,-8.12328734305781
"963",-3.83529866625959,-6.02328734305781
"964",-4.50117650445636,-9.86328734305781
"965",-6.54435524632775,-9.30328734305781
"966",-5.48754474429253,-8.84328734305781
"967",-5.11869439699658,-6.20328734305781
"968",-5.31139354836134,-10.0932873430578
"969",-5.38991324535343,-8.51328734305781
"970",-6.22916670989969,-13.2532873430578
"971",-6.22908281962735,-9.30328734305781
"972",-5.88602034204603,-8.48328734305781
"973",-4.5518630069989,-6.07328734305781
"974",-2.74399388241297,-3.74328734305781
"975",-0.870484215025228,-3.79328734305781
"976",-1.15542012160196,0.156712656942194
"977",1.19611719022791,-1.23328734305781
"978",1.74912296399854,-0.0532873430578071
"979",1.08012261002236,0.176712656942193
"980",-1.26441795348696,-0.713287343057807
"981",-1.27695695259682,-4.23328734305781
"982",-4.93342792376037,-8.53328734305781
"983",-5.75798141572926,-11.0932873430578
"984",-6.42749050428551,-9.33328734305781
"985",-6.02393674871356,-5.99328734305781
"986",-4.44742041690147,-6.17328734305781
"987",-3.01930737501456,-2.20328734305781
"988",-0.852326365317875,-1.56328734305781
"989",-1.51402027605149,1.10671265694219
"990",0.101076293181386,0.436712656942193
"991",-0.421861708945153,-1.23328734305781
"992",0.0976772391113936,3.84671265694219
"993",1.94460487553977,1.28671265694219
"994",0.366485390636499,-7.74328734305781
"995",-4.06838579054451,-4.89328734305781
"996",-1.55775786770259,-4.10328734305781
"997",0.0894861529732225,-1.97328734305781
"998",-4.17833238146184,-7.51328734305781
"999",-5.49831465734991,-5.38328734305781
"1000",-4.09199411108847,-7.89328734305781
"1001",-2.96940264991465,-1.92328734305781
"1002",-1.45442183024497,-0.203287343057807
"1003",-0.981365783001559,-5.33328734305781
"1004",-1.0769417705298,-3.12328734305781
"1005",0.65467599010625,0.256712656942193
"1006",1.48764197861065,2.15671265694219
"1007",2.30593605783118,2.84671265694219
"1008",0.340528991356924,-1.56328734305781
"1009",0.243444976314159,-2.02328734305781
"1010",1.88282408422017,1.71671265694219
"1011",-2.00585655892745,-4.74328734305781
"1012",-2.71653100359413,-3.97328734305781
"1013",-0.75407547653473,-1.53328734305781
"1014",0.296695575043562,-2.92328734305781
"1015",-3.44133077247269,-6.30328734305781
"1016",-2.28317203295661,-2.53328734305781
"1017",0.558686493443978,2.02671265694219
"1018",1.6753450647806,1.89671265694219
"1019",0.782492107854476,1.30671265694219
"1020",1.59877821348513,1.69671265694219
"1021",2.43889834444007,5.28671265694219
"1022",4.70537661268025,2.30671265694219
"1023",1.97780924454471,-0.153287343057807
"1024",0.939686299364987,-2.17328734305781
"1025",1.16359992250111,-0.153287343057807
"1026",3.32997142942156,3.43671265694219
"1027",3.3577720664559,2.17671265694219
"1028",-1.68091438016968,-6.89328734305781
"1029",-4.51738650193568,-4.82328734305781
"1030",-1.55436310801559,-1.82328734305781
"1031",0.417299526236225,0.336712656942193
"1032",2.27723180272058,3.69671265694219
"1033",3.45926171896726,3.92671265694219
"1034",6.20037956321048,4.71671265694219
"1035",1.20687881412743,1.25671265694219
"1036",4.39312663264869,4.59671265694219
"1037",1.05113472589579,-0.613287343057806
"1038",0.301108652780358,0.666712656942194
"1039",2.82186063345208,2.61671265694219
"1040",6.28460939140592,6.87671265694219
"1041",8.37940861418513,10.7667126569422
"1042",9.05619937837973,10.4067126569422
"1043",9.22869535530221,9.32671265694219
"1044",9.51724673287767,10.3067126569422
"1045",9.21866527455129,9.24671265694219
"1046",5.72473290446198,4.25671265694219
"1047",6.69342746130539,6.38671265694219
"1048",5.93707596178682,3.25671265694219
"1049",3.89308348427381,1.64671265694219
"1050",-1.40806266758352,-2.82328734305781
"1051",-4.4769897405108,-3.43328734305781
"1052",-3.20317248122535,-8.92328734305781
"1053",-4.48827338161684,-4.12328734305781
"1054",-1.1500435541005,-2.28328734305781
"1055",2.16309389400659,3.41671265694219
"1056",4.50384421511649,4.20671265694219
"1057",4.71689834236871,3.30671265694219
"1058",5.70757774324773,5.84671265694219
"1059",7.60396848241382,6.33671265694219
"1060",7.2725675516415,6.61671265694219
"1061",5.65447599981703,2.87671265694219
"1062",1.84513677885285,-0.233287343057807
"1063",2.87426848448736,-0.0532873430578071
"1064",4.8915219363885,1.69671265694219
"1065",6.87489410468249,6.33671265694219
"1066",8.31974265668326,8.24671265694219
"1067",8.74802806349343,4.28671265694219
"1068",8.23981759789087,5.82671265694219
"1069",2.62668172558496,3.46671265694219
"1070",3.40652350005,0.126712656942193
"1071",0.85686403009602,0.416712656942194
"1072",2.55733263352988,2.15671265694219
"1073",6.81214817575359,5.07671265694219
"1074",2.66069823232156,1.48671265694219
"1075",3.01099844301764,2.43671265694219
"1076",5.12039457318249,4.56671265694219
"1077",7.31874714917242,8.44671265694219
"1078",7.33381464103808,5.94671265694219
"1079",2.15863892106832,0.356712656942193
"1080",-2.19900751933034,-3.10328734305781
"1081",-0.0366194021744206,-3.12328734305781
"1082",2.24686312465919,0.00671265694219336
"1083",5.65475084032829,1.35671265694219
"1084",7.98243744864877,4.43671265694219
"1085",8.84145626031125,6.43671265694219
"1086",6.41729024612501,1.23671265694219
"1087",4.40555757309824,1.84671265694219
"1088",6.81766336194314,8.11671265694219
"1089",8.7976982953083,8.21671265694219
"1090",6.81312130291264,5.87671265694219
"1091",6.96327130815099,3.51671265694219
"1092",6.17213650485896,6.87671265694219
"1093",6.81779119473907,7.44671265694219
"1094",6.52351850059062,7.13671265694219
"1095",6.42057794584542,6.82671265694219
"1096",6.49913039999147,3.53671265694219
"1097",5.28059063827125,6.48671265694219
"1098",7.76218713394049,5.74671265694219
"1099",9.16689938383809,5.20671265694219
"1100",4.59069781144846,-0.173287343057806
"1101",-2.0656761155232,-4.25328734305781
"1102",-1.87324021982256,-4.28328734305781
"1103",1.69481459881747,0.386712656942194
"1104",4.48057864625663,3.12671265694219
"1105",7.16571451438577,9.11671265694219
"1106",8.40763169866229,8.65671265694219
"1107",8.78612942727633,5.94671265694219
"1108",9.02966128994398,10.9467126569422
"1109",10.363695585925,10.5867126569422
"1110",9.11734659840449,4.97671265694219
"1111",7.22609313972497,3.64671265694219
"1112",1.25956110619647,-2.07328734305781
"1113",2.79234983329464,1.48671265694219
"1114",5.93768556443243,6.82671265694219
"1115",8.74962517448762,7.57671265694219
"1116",10.355931341482,12.1367126569422
"1117",8.7065734856822,8.55671265694219
"1118",6.38009729414821,7.82671265694219
"1119",8.46063357272116,5.94671265694219
"1120",8.32766829003112,8.34671265694219
"1121",10.0082820633916,9.45671265694219
"1122",8.48775889306324,7.44671265694219
"1123",8.09860709986313,7.36671265694219
"1124",9.09672077678064,8.80671265694219
"1125",8.09039943540924,9.83671265694219
"1126",9.41395224107872,9.96671265694219
"1127",9.6159520273026,7.85671265694219
"1128",8.87056938063009,10.5867126569422
"1129",9.94319359847723,11.9767126569422
"1130",8.34350277867239,7.80671265694219
"1131",6.59284142687029,7.77671265694219
"1132",8.5947181913306,7.95671265694219
"1133",9.7077871079011,10.4567126569422
"1134",10.1052895784956,9.47671265694219
"1135",10.3058983841087,14.4267126569422
"1136",10.6149741160262,12.8267126569422
"1137",10.3909575275677,7.67671265694219
"1138",9.43031004522834,9.60671265694219
"1139",7.88159654757678,7.64671265694219
"1140",8.74651164695167,8.98671265694219
"1141",9.53628423201204,8.29671265694219
"1142",9.98897611538578,10.8967126569422
"1143",10.1975592906002,12.0067126569422
"1144",10.0198005972602,10.2567126569422
"1145",9.38687405908015,9.50671265694219
"1146",9.83561511010458,10.9267126569422
"1147",10.2868928431733,10.8967126569422
"1148",10.4601302503122,10.0767126569422
"1149",9.78913350759327,9.55671265694219
"1150",8.07763772760022,7.31671265694219
"1151",6.09215631817333,4.82671265694219
"1152",5.2543857140599,3.76671265694219
"1153",6.63443342493714,6.05671265694219
"1154",7.0801368491482,5.30671265694219
"1155",7.52347376872455,7.54671265694219
"1156",9.17341566061079,8.47671265694219
"1157",8.68112517183178,8.21671265694219
"1158",8.90182529819076,8.21671265694219
"1159",9.25141044418458,5.76671265694219
"1160",3.65578147302048,-0.333287343057806
"1161",0.915707763059679,3.33671265694219
"1162",2.18231994651496,1.46671265694219
"1163",2.84811169731322,2.25671265694219
"1164",5.69342984855781,5.07671265694219
"1165",7.64727823367602,7.7067126569422
"1166",8.6641218120627,3.84671265694219
"1167",5.04340727183165,1.17671265694219
"1168",0.994954409209271,1.97671265694219
"1169",2.08876211925252,6.07671265694219
"1170",4.93603970757228,3.61671265694219
"1171",6.0606255601014,4.33671265694219
"1172",7.07467199712206,6.10671265694219
"1173",5.74906268134799,8.16671265694219
"1174",7.49104818108109,8.00671265694219
"1175",8.79640239033952,6.77671265694219
"1176",9.2056982353138,9.01671265694219
"1177",9.73548847477985,10.4067126569422
"1178",9.72249107525333,9.94671265694219
"1179",9.16472223153235,11.0767126569422
"1180",10.1408151114404,10.9967126569422
"1181",10.1903774843337,10.2767126569422
"1182",10.1791297962015,7.26671265694219
"1183",7.26629575509103,7.13671265694219
"1184",3.51004769140414,2.74671265694219
"1185",5.85232441599298,5.59671265694219
"1186",7.88441206490721,7.82671265694219
"1187",8.98290324901146,9.04671265694219
"1188",9.48058748282389,8.29671265694219
"1189",9.2612927182652,9.32671265694219
"1190",8.02627131437431,3.33671265694219
"1191",0.933572196552617,-0.763287343057806
"1192",1.71117180375086,1.00671265694219
"1193",2.80545069749037,5.10671265694219
"1194",4.89088916404863,3.10671265694219
"1195",2.47835773194102,2.17671265694219
"1196",1.15559998634061,-0.923287343057806
"1197",1.44623733548534,0.976712656942194
"1198",2.30001040852344,1.51671265694219
"1199",3.86278831007008,1.92671265694219
"1200",1.574967058247,0.176712656942193
"1201",2.09576555882098,0.00671265694219336
"1202",3.69911679084188,2.79671265694219
"1203",5.13747383367416,5.05671265694219
"1204",5.84206183934446,5.71671265694219
"1205",5.60764125920696,3.71671265694219
"1206",4.18279694185981,2.41671265694219
"1207",4.02069297229174,4.66671265694219
"1208",5.57955639394041,3.84671265694219
"1209",5.20622071341715,4.97671265694219
"1210",5.80633576870099,5.79671265694219
"1211",6.73876735715802,7.41671265694219
"1212",6.57275969358414,8.39671265694219
"1213",7.06230976680033,7.64671265694219
"1214",8.30772317804563,5.76671265694219
"1215",4.65544032885884,5.61671265694219
"1216",5.42336389222928,4.87671265694219
"1217",3.85859779122839,-4.15328734305781
"1218",-3.03979337951785,-3.94328734305781
"1219",-0.384680841162344,-0.533287343057808
"1220",0.167685868497995,0.976712656942194
"1221",-1.2607263820269,-0.233287343057807
"1222",-0.325222012737627,-3.05328734305781
"1223",-0.441158369099403,-1.87328734305781
"1224",-0.731139676340625,0.976712656942194
"1225",1.400377519683,-0.253287343057806
"1226",2.00522838057869,1.94671265694219
"1227",3.21935072024443,3.43671265694219
"1228",3.39347017367526,3.23671265694219
"1229",2.24248924565083,3.41671265694219
"1230",1.97870087829634,4.00671265694219
"1231",2.84888188990872,2.35671265694219
"1232",2.03362603671779,-4.28328734305781
"1233",-5.60972253691575,-11.1632873430578
"1234",-6.22167650701297,-8.71328734305781
"1235",-4.58666388778179,-3.94328734305781
"1236",-3.00107082824221,-3.53328734305781
"1237",-2.88309513930781,-5.74328734305781
"1238",-3.27340501774358,-6.35328734305781
"1239",-2.73608342920962,-3.94328734305781
"1240",-1.12922558380527,-1.35328734305781
"1241",-0.529263528399058,-1.38328734305781
"1242",-0.35636567712437,-3.20328734305781
"1243",-1.23377323648185,-2.12328734305781
"1244",-0.712503851819727,-1.38328734305781
"1245",-0.347536625438994,0.436712656942193
"1246",0.380209889124576,-1.43328734305781
"1247",-0.120729586862416,-2.05328734305781
"1248",-0.226315781136581,1.41671265694219
"1249",0.524773001964413,2.15671265694219
"1250",1.83608441925208,1.71671265694219
"1251",2.26201051202231,3.61671265694219
"1252",1.83790244129674,0.846712656942193
"1253",-0.0140247557544626,0.536712656942193
"1254",-2.18478691973773,-5.71328734305781
"1255",-5.32114958755597,-7.43328734305781
"1256",-4.95277701533482,-7.35328734305781
"1257",-4.51679927002936,-6.43328734305781
"1258",-4.06950113168903,-7.58328734305781
"1259",-4.06200613507246,-3.46328734305781
"1260",-1.30772111337063,-4.61328734305781
"1261",-2.90963762199593,-4.84328734305781
"1262",-2.59083181692043,-4.76328734305781
"1263",-2.13158990092631,-3.56328734305781
"1264",-2.20506180038899,-5.64328734305781
"1265",-2.52475624313496,-3.74328734305781
"1266",-2.6129624702389,-4.17328734305781
"1267",-2.12753260782664,-3.97328734305781
"1268",-1.67632718018311,-1.97328734305781
"1269",-1.73298227586327,-5.25328734305781
"1270",-3.7489643906611,-0.023287343057806
"1271",-1.79470953719957,-4.17328734305781
"1272",-5.04240458333855,-7.97328734305781
"1273",-5.23729526819859,-8.99328734305781
"1274",-5.66905133541835,-8.20328734305781
"1275",-4.89494705636454,-10.9632873430578
"1276",-7.33117409484708,-10.8332873430578
"1277",-6.38246299982795,-9.30328734305781
"1278",-6.62651498218405,-6.12328734305781
"1279",-5.53886561708488,-10.6532873430578
"1280",-7.62091351846975,-12.4432873430578
"1281",-7.72944036639724,-10.5532873430578
"1282",-6.12616064084656,-9.78328734305781
"1283",-6.13529029934113,-5.76328734305781
"1284",-6.32195813960276,-10.8032873430578
"1285",-8.50354144963116,-13.0032873430578
"1286",-8.08872882055738,-11.4932873430578
"1287",-6.74576380587044,-10.1232873430578
"1288",-6.32917589884314,-7.76328734305781
"1289",-5.4545710735365,-8.33328734305781
"1290",-5.77283398870677,-7.02328734305781
"1291",-4.75890979179722,-4.97328734305781
"1292",-5.07431963875325,-7.05328734305781
"1293",-5.36324812307671,-7.89328734305781
"1294",-4.89220664080172,-10.0732873430578
"1295",-7.28459661773883,-12.8532873430578
"1296",-8.32648983144361,-12.4432873430578
"1297",-8.11097492286968,-9.38328734305781
"1298",-7.8533271237111,-8.97328734305781
"1299",-5.69371427652876,-10.1932873430578
"1300",-5.94592358917536,-10.8632873430578
"1301",-5.53401356352424,-6.12328734305781
"1302",-5.8443644275812,-10.1432873430578
"1303",-6.5702965153975,-8.07328734305781
"1304",-4.68874077219947,-6.82328734305781
"1305",-4.70808267317916,-8.12328734305781
"1306",-7.18425985725579,-11.0332873430578
"1307",-6.99922747782713,-9.89328734305781
"1308",-6.43700126430295,-12.1832873430578
"1309",-6.66400035168154,-8.40328734305781
"1310",-6.20270292427656,-9.20328734305781
"1311",-6.11310891238177,-9.43328734305781
"1312",-6.43948201949903,-11.3732873430578
"1313",-7.30372919251518,-10.8632873430578
"1314",-6.38634192622955,-10.4032873430578
"1315",-5.82664041042505,-9.48328734305781
"1316",-5.73110297247433,-9.81328734305781
"1317",-5.91100446305622,-9.07328734305781
"1318",-4.84694983626645,-9.53328734305781
"1319",-3.47441469901521,-0.173287343057806
"1320",-1.58213957666195,-4.89328734305781
"1321",-3.46036587474214,-5.56328734305781
"1322",-4.4331894308942,-5.38328734305781
"1323",-5.5901657170479,-7.66328734305781
"1324",-4.87101356114592,-5.56328734305781
"1325",-3.02189039644739,-4.99328734305781
"1326",-4.51652203265318,-6.82328734305781
"1327",-3.82864337132131,-3.89328734305781
"1328",-2.22407173557674,1.20671265694219
"1329",0.017393449535421,-2.53328734305781
"1330",-3.20192411407757,-2.69328734305781
"1331",-2.97634836498619,-7.61328734305781
"1332",-4.78673819251693,-5.58328734305781
"1333",-4.19104934779228,-6.94328734305781
"1334",-5.28691436689508,-4.35328734305781
"1335",-3.36308351912693,-6.66328734305781
"1336",-5.88530847316367,-9.30328734305781
"1337",-7.24078831857248,-11.2632873430578
"1338",-6.59128426362482,-4.51328734305781
"1339",-3.4600590760319,-6.48328734305781
"1340",-3.56098226946628,-4.71328734305781
"1341",-2.66251605462748,-4.71328734305781
"1342",-2.76058098664029,-5.07328734305781
"1343",-2.00995439899209,-5.12328734305781
"1344",-1.25221032095282,-4.28328734305781
"1345",-5.08542591185493,-6.07328734305781
"1346",-4.6489096708966,-7.48328734305781
"1347",-3.68792023582807,-7.56328734305781
"1348",-1.7719894548486,-3.15328734305781
"1349",-2.66883978325131,-3.51328734305781
"1350",-2.60557732993134,-6.56328734305781
"1351",0.490445002657097,-0.873287343057807
"1352",2.1158416994223,1.12671265694219
"1353",2.16111827809319,1.74671265694219
"1354",0.900717170610317,-3.33328734305781
"1355",-3.81096489459871,-8.28328734305781
"1356",-4.56196739056245,-7.38328734305781
"1357",-4.33790446271545,-5.79328734305781
"1358",-2.47596366335968,-3.17328734305781
"1359",-0.597103494376525,-3.66328734305781
"1360",-0.224994209739249,0.176712656942193
"1361",0.0945074851191064,-3.69328734305781
"1362",-1.46737848306778,-4.76328734305781
"1363",-5.63325415778215,-9.43328734305781
"1364",-6.50909816225437,-10.3532873430578
"1365",-5.6960360396849,-5.97328734305781
"1366",-4.7914919746157,-5.79328734305781
"1367",-3.16466804465777,-3.82328734305781
"1368",-0.232570400155106,0.846712656942193
"1369",0.215641742676149,-2.97328734305781
"1370",-4.25675460594703,-5.61328734305781
"1371",-4.28912666360719,-3.76328734305781
"1372",-3.69679582664071,-3.38328734305781
"1373",-1.76171129857807,-0.663287343057807
"1374",-0.517577913071432,0.646712656942194
"1375",-1.02154103415973,-1.17328734305781
"1376",-1.10584915994268,-1.17328734305781
"1377",-0.969135380250639,-1.28328734305781
"1378",-1.15509514666605,-3.74328734305781
"1379",-3.70232459506483,-2.53328734305781
"1380",-1.91412953698927,-3.58328734305781
"1381",-0.891672900428663,-1.82328734305781
"1382",0.927932273517662,1.84671265694219
"1383",-0.243012841542281,-3.30328734305781
"1384",0.287314245732005,2.38671265694219
"1385",1.25875216428471,-2.15328734305781
"1386",-3.19067163221554,-2.46328734305781
"1387",-2.11234227663363,-2.74328734305781
"1388",-1.26880641342361,-1.35328734305781
"1389",0.368481379901752,2.23671265694219
"1390",0.377387480807489,-2.66328734305781
"1391",-2.79418463339377,-1.25328734305781
"1392",-3.77529874557834,-3.99328734305781
"1393",-4.04062290413272,-4.51328734305781
"1394",-3.88349562510133,-3.69328734305781
"1395",-4.00347709049942,-7.79328734305781
"1396",-3.35249496884878,-3.87328734305781
"1397",-0.523583657615374,-0.283287343057808
"1398",-1.36102419345493,-6.38328734305781
"1399",-3.69118316794427,-1.33328734305781
"1400",-2.15016081035553,-2.02328734305781
"1401",-0.310736559570946,-4.10328734305781
"1402",1.03097878966637,-1.07328734305781
"1403",-0.977912300123923,-3.87328734305781
"1404",-0.30872998415228,1.07671265694219
"1405",1.11824983997256,1.23671265694219
"1406",0.294193997083456,-0.693287343057806
"1407",-1.49591915214733,-3.92328734305781
"1408",-3.98553735550013,-2.76328734305781
"1409",-1.79103813935261,-2.10328734305781
"1410",-0.291649924705639,-0.893287343057807
"1411",2.21641974430766,4.28671265694219
"1412",6.00857604037222,4.56671265694219
"1413",3.4341134127098,1.23671265694219
"1414",3.03022289761606,1.66671265694219
"1415",-0.312966942251867,2.25671265694219
"1416",1.55460539111163,1.94671265694219
"1417",2.44264144849599,2.48671265694219
"1418",2.2911691727747,2.30671265694219
"1419",1.95495553697424,1.94671265694219
"1420",1.64194834736553,0.716712656942192
"1421",1.93329526839706,0.566712656942194
"1422",3.13862510856751,1.48671265694219
"1423",3.85124341068735,1.97671265694219
"1424",3.6675876306799,2.64671265694219
"1425",1.15498568983453,3.94671265694219
"1426",4.41239822559062,3.76671265694219
"1427",2.83098070448695,1.12671265694219
"1428",2.99814825094518,2.79671265694219
"1429",3.40928868321703,3.23671265694219
"1430",5.94090615193497,7.33671265694219
"1431",6.72082682320375,6.66671265694219
"1432",4.77666736506231,0.356712656942193
"1433",2.69239397459574,-0.843287343057806
"1434",-1.51642712791242,-5.53328734305781
"1435",-0.386591442114688,-2.30328734305781
"1436",1.91666961459221,3.69671265694219
"1437",3.97656668904551,5.64671265694219
"1438",4.47983082440042,3.38671265694219
"1439",4.66963855771216,5.69671265694219
"1440",5.60523960055336,4.35671265694219
"1441",4.22920504051345,2.89671265694219
"1442",2.80413681603467,0.926712656942193
"1443",1.56442484735737,1.97671265694219
"1444",2.43771788846512,1.15671265694219
"1445",4.19879841209076,3.20671265694219
"1446",4.88573590446257,5.51671265694219
"1447",5.39754406431567,6.00671265694219
"1448",4.52893379818333,12.1567126569422
"1449",9.04967750892221,5.69671265694219
"1450",5.74078470885633,3.79671265694219
"1451",5.88892773919854,4.84671265694219
"1452",7.75282817536822,6.59671265694219
"1453",6.74514541472012,2.66671265694219
"1454",2.34813825775987,3.82671265694219
"1455",6.77304652034251,6.05671265694219
"1456",8.35827305928751,8.57671265694219
"1457",8.27216408899185,6.00671265694219
"1458",7.81114949164787,8.24671265694219
"1459",6.85889742818138,7.36671265694219
"1460",5.89582831331401,4.76671265694219
"1461",8.08025190827705,6.92671265694219
"1462",4.87973255678355,3.30671265694219
"1463",0.973610726540767,-0.583287343057806
"1464",1.17098216659689,2.10671265694219
"1465",4.57741758186094,4.84671265694219
"1466",7.86165622932113,9.35671265694219
"1467",8.1006324507237,7.98671265694219
"1468",8.93315551856406,8.16671265694219
"1469",9.25397269278807,7.64671265694219
"1470",9.83114256015686,8.08671265694219
"1471",10.4039613187341,9.16671265694219
"1472",10.5428053121271,10.4367126569422
"1473",10.3817295976113,9.71671265694219
"1474",9.71835967907976,10.7667126569422
"1475",9.08986893891862,7.72671265694219
"1476",8.44753470591287,9.68671265694219
"1477",9.7254344253797,9.42671265694219
"1478",9.9424401839362,8.08671265694219
"1479",8.81288563042015,8.88671265694219
"1480",8.50521126552804,5.76671265694219
"1481",6.24557724507763,6.61671265694219
"1482",6.75518987666058,7.15671265694219
"1483",7.12220742124483,7.46671265694219
"1484",7.58906477631794,7.13671265694219
"1485",7.04877307266596,6.95671265694219
"1486",7.43923914679927,6.85671265694219
"1487",9.24208264485632,9.53671265694219
"1488",7.78913268941328,5.92671265694219
"1489",7.32929575170184,6.33671265694219
"1490",8.95316055217265,8.21671265694219
"1491",8.611680005441,9.24671265694219
"1492",10.0114842749297,9.32671265694219
"1493",9.06767796449957,11.7767126569422
"1494",10.4210174095315,11.0567126569422
"1495",10.7736090230947,13.5767126569422
"1496",10.4550073510152,10.1767126569422
"1497",10.4938381606899,10.3567126569422
"1498",10.4172319608619,12.8567126569422
"1499",10.3834002124632,7.93671265694219
"1500",7.22528939102054,4.94671265694219
"1501",4.67060689114136,3.92671265694219
"1502",4.90705761586927,5.41671265694219
"1503",7.46429277689225,8.65671265694219
"1504",8.12992453695684,9.06671265694219
"1505",8.20687588533383,5.79671265694219
"1506",6.8804388522061,6.77671265694219
"1507",7.48486746539772,7.39671265694219
"1508",7.89158907744389,5.92671265694219
"1509",7.657243599074,6.61671265694219
"1510",8.29587068099768,7.15671265694219
"1511",8.86239687019507,7.07521540998299
"1512",7.51243460784074,5.80471200516039
"1513",8.64913900942434,10.886814460925
"1514",9.46671682551015,8.19121723879929
"1515",8.79128348581737,6.81750759712919
