Time,00-17-0d-00-00-30-60-ef,00-17-0d-00-00-38-0f-66,00-17-0d-00-00-3f-f8-20,00-17-0d-00-00-3f-fe-87,00-17-0d-00-00-3f-fe-88
2016-09-09T21:00:00.000Z,32.1622222222,36.2988888889,34.39,33.5675,35.2822222222
2016-09-09T21:10:00.000Z,31.25,35.6194736842,33.2115789474,33.0625,34.3789473684
2016-09-09T21:20:00.000Z,30.5295,34.6005,32.4605,32.4094444444,33.6826315789
2016-09-09T21:30:00.000Z,29.9221052632,34.2815789474,31.7547368421,32.2894736842,33.3785
2016-09-09T21:40:00.000Z,28.6865,33.0584210526,30.287,31.2935,32.0636842105
2016-09-09T21:50:00.000Z,26.8578947368,30.9475,28.2377777778,29.7405263158,30.1835
2016-09-09T22:00:00.000Z,24.2421052632,28.7110526316,25.2457894737,28.0147368421,27.8110526316
2016-09-09T22:10:00.000Z,20.5685,24.9357894737,21.257,25.0095,24.4231578947
2016-09-09T22:20:00.000Z,18.2363157895,22.258,18.4473684211,22.4989473684,21.9945
2016-09-09T22:30:00.000Z,16.6305263158,20.609,17.1457894737,20.6142105263,20.262
2016-09-09T22:40:00.000Z,15.0973684211,19.2421052632,15.8031578947,19.2555,19.1573684211
2016-09-09T22:50:00.000Z,13.803,17.7015789474,14.9765,17.9047368421,18.0021052632
2016-09-09T23:00:00.000Z,13.5136842105,17.1,14.3895,17.4552631579,17.5985
2016-09-09T23:10:00.000Z,12.347,16.4363157895,13.122,16.5295,16.64
2016-09-09T23:20:00.000Z,11.706,15.6635,12.2475,15.714,15.9326315789
2016-09-09T23:30:00.000Z,11.2205263158,15,11.7994736842,15.1184210526,15.297
2016-09-09T23:40:00.000Z,10.81,14.5094736842,11.235,14.6265,14.9794736842
2016-09-09T23:50:00.000Z,10.4278947368,14.2766666667,11.0052631579,14.2842105263,14.7727777778
2016-09-10T00:00:00.000Z,10.323,14.3515,10.9163157895,14.1442105263,14.281
2016-09-10T00:10:00.000Z,10.5889473684,14.6063157895,11.2168421053,14.3625,14.5705555556
2016-09-10T00:20:00.000Z,10.617,14.659,11.034,14.4231578947,14.555
2016-09-10T00:30:00.000Z,10.6642105263,14.1347368421,10.7694736842,14.4231578947,14.6915789474
2016-09-10T00:40:00.000Z,10.6747368421,13.6321052632,10.6131578947,14.0815789474,14.4835
2016-09-10T00:50:00.000Z,9.845,13.1821052632,10.182,13.59,13.9105263158
2016-09-10T01:00:00.000Z,9.062,12.438,9.3085,12.9152631579,13.0115
2016-09-10T01:10:00.000Z,8.8495,12.2042105263,9.2105,12.4905,12.7221052632
2016-09-10T01:20:00.000Z,8.195,12.1225,8.5057894737,12.0331578947,12.2145
2016-09-10T01:30:00.000Z,7.8784210526,12.1947368421,8.2031578947,11.8175,11.858
2016-09-10T01:40:00.000Z,8.0268421053,12.2257894737,8.3257894737,12.0916666667,12.3878947368
2016-09-10T01:50:00.000Z,7.728,12.0015789474,8.0415,11.9915,12.0326315789
2016-09-10T02:00:00.000Z,7.3683333333,11.9995,7.6752631579,11.7457894737,11.5215789474
2016-09-10T02:10:00.000Z,7.0868421053,11.3594736842,7.2677777778,11.2175,11.0545
2016-09-10T02:20:00.000Z,7.1275,11.5172222222,7.497,11.208,11.146
2016-09-10T02:30:00.000Z,7.6536842105,11.462,7.6068421053,11.4663157895,11.4915
2016-09-10T02:40:00.000Z,7.2427777778,11.0188888889,7.359,11.1165,10.9836842105
2016-09-10T02:50:00.000Z,7.341,10.8894736842,7.5095,11.1352631579,10.9847368421
2016-09-10T03:00:00.000Z,7.25,10.7295,7.4052631579,11.0035,10.9635
2016-09-10T03:10:00.000Z,6.67,10.1494736842,6.9005,10.4955,10.3535
2016-09-10T03:20:00.000Z,6.2821052632,9.855,6.1852631579,10.0115789474,10.1384210526
2016-09-10T03:30:00.000Z,6.2015,10.1166666667,6.4655555556,10.048,10.211
2016-09-10T03:40:00.000Z,6.558,10.3642105263,6.679,10.3125,10.5347368421
2016-09-10T03:50:00.000Z,7.0747368421,10.6175,6.8673684211,10.8668421053,10.739
2016-09-10T04:00:00.000Z,7.7985,11.0921052632,7.124,11.309,11.4126315789
2016-09-10T04:10:00.000Z,8.4789473684,11.594,7.8089473684,12.0110526316,12.011
2016-09-10T04:20:00.000Z,8.4257894737,11.6710526316,8.1573684211,12.2955,11.838
2016-09-10T04:30:00.000Z,8.003,11.4231578947,8.264,11.8626315789,11.4657894737
2016-09-10T04:40:00.000Z,7.7821052632,11.2495,8.2861111111,11.8105555556,11.1465
2016-09-10T04:50:00.000Z,8.0225,11.4989473684,8.3935,11.9805,11.4347368421
2016-09-10T05:00:00.000Z,8.2747368421,11.655,8.8410526316,12.2584210526,11.7447368421
2016-09-10T05:10:00.000Z,8.4252631579,11.9363157895,8.883,12.4495,11.9589473684
2016-09-10T05:20:00.000Z,8.5545,12.0815,8.67,12.5810526316,11.96
2016-09-10T05:30:00.000Z,8.4478947368,12.02,8.7189473684,12.429,11.949
2016-09-10T05:40:00.000Z,8.2968421053,11.7463157895,8.5278947368,12.214,11.6268421053
2016-09-10T05:50:00.000Z,8.083,11.675,8.4575,12.0205,11.4026315789
2016-09-10T06:00:00.000Z,7.9526315789,11.4863157895,8.2589473684,11.9157894737,11.178
2016-09-10T06:10:00.000Z,7.6565,11.0915789474,7.946,11.7365,10.9515789474
2016-09-10T06:20:00.000Z,7.46,10.9825,7.8763157895,11.64,10.821
2016-09-10T06:30:00.000Z,7.4705263158,10.983,7.6857894737,11.4005,10.8026315789
2016-09-10T06:40:00.000Z,7.169,10.649,7.614,11.1984210526,10.5142105263
2016-09-10T06:50:00.000Z,7.0010526316,10.4605263158,7.5063157895,11.1236842105,10.4755
2016-09-10T07:00:00.000Z,6.8525,10.5357894737,7.3275,10.902,10.3736842105
2016-09-10T07:10:00.000Z,7.0326315789,10.434,6.9789473684,11.1242105263,10.556
2016-09-10T07:20:00.000Z,6.9347368421,10.5463157895,7.0910526316,10.861,10.374
2016-09-10T07:30:00.000Z,6.8615,10.517,7.187,11.0057894737,10.2884210526
2016-09-10T07:40:00.000Z,6.78,10.323,6.9226315789,10.7805263158,10.2605
2016-09-10T07:50:00.000Z,6.639,10.15,6.6685,10.5875,10.1815789474
2016-09-10T08:00:00.000Z,6.6794736842,9.927,6.3531578947,10.6421052632,10.251
2016-09-10T08:10:00.000Z,6.8084210526,10.0652631579,6.5331578947,10.658,10.1826315789
2016-09-10T08:20:00.000Z,6.5185,10.018,6.646,10.4715789474,9.9263157895
2016-09-10T08:30:00.000Z,6.7115789474,10.0963157895,6.6773684211,10.5894736842,10.18
2016-09-10T08:40:00.000Z,6.4565,10.0385,6.637,10.4273684211,10.0752631579
2016-09-10T08:50:00.000Z,6.1015789474,9.54,6.3647368421,9.9457894737,9.55
2016-09-10T09:00:00.000Z,6.1657894737,9.4757894737,6.32,10.0185,9.6755555556
2016-09-10T09:10:00.000Z,6.375,9.855,6.7425,10.3652631579,9.8831578947
2016-09-10T09:20:00.000Z,6.7957894737,10.2784210526,6.88,10.6575,10.2815
2016-09-10T09:30:00.000Z,6.8525,10.3957894737,6.943,10.8505,10.46
2016-09-10T09:40:00.000Z,6.751,10.221,6.8336842105,10.7295,10.2825
2016-09-10T09:50:00.000Z,6.7,10.1078947368,6.4975,10.6685,10.1272222222
2016-09-10T10:00:00.000Z,6.69,10.049,6.2852631579,10.5673684211,10.1405263158
2016-09-10T10:10:00.000Z,6.5084210526,9.9468421053,6.4321052632,10.4211111111,10.0475
2016-09-10T10:20:00.000Z,6.09,9.3152631579,6.114,9.957,9.6989473684
2016-09-10T10:30:00.000Z,5.6831578947,8.96,5.7015789474,9.6136842105,9.1845
2016-09-10T10:40:00.000Z,5.5652631579,8.8026315789,5.89,9.4585,9.0368421053
2016-09-10T10:50:00.000Z,6.131,9.1435,7.359,9.7531578947,9.2505263158
2016-09-10T11:00:00.000Z,6.8615789474,9.814,9.0757894737,10.5026315789,10.0075
2016-09-10T11:10:00.000Z,7.746,10.5678947368,10.651,11.2075,10.6957894737
2016-09-10T11:20:00.000Z,8.584,11.5535,11.9352631579,11.9695,11.4725
2016-09-10T11:30:00.000Z,9.4266666667,12.6342105263,13.2463157895,12.8078947368,12.5127777778
2016-09-10T11:40:00.000Z,10.576,13.5311111111,14.379,13.875,13.4605263158
2016-09-10T11:50:00.000Z,11.4878947368,14.616,15.2647368421,14.8761111111,14.495
2016-09-10T12:00:00.000Z,12.3673684211,15.7794444444,16.2621052632,15.948,15.5036842105
2016-09-10T12:10:00.000Z,13.326,16.7268421053,17.0915,16.8447368421,16.2847368421
2016-09-10T12:20:00.000Z,14.0915789474,17.6478947368,17.7394736842,17.7226315789,17.1557894737
2016-09-10T12:30:00.000Z,14.9368421053,18.7165,18.658,18.7078947368,18.1375
2016-09-10T12:40:00.000Z,15.6963157895,19.6484210526,19.4452631579,19.581,19.1468421053
2016-09-10T12:50:00.000Z,16.712,21.242,21.0815789474,20.6678947368,20.6463157895
2016-09-10T13:00:00.000Z,17.8521052632,23.1315789474,22.7189473684,21.8815,22.075
2016-09-10T13:10:00.000Z,18.7985,24.0675,24.121,23.1015,23.5473684211
2016-09-10T13:20:00.000Z,19.6810526316,25.04,24.7568421053,24.109,24.5045
2016-09-10T13:30:00.000Z,20.4310526316,25.4784210526,24.8231578947,24.6675,25.01
2016-09-10T13:40:00.000Z,21.0495,26.3773684211,25.1575,25.33,25.7457894737
2016-09-10T13:50:00.000Z,21.6842105263,26.4805,25.3657894737,26.0131578947,26.4305
2016-09-10T14:00:00.000Z,22.2175,26.8578947368,25.347,26.4105,26.7084210526
2016-09-10T14:10:00.000Z,22.4989473684,26.8775,25.0331578947,26.7022222222,26.9331578947
2016-09-10T14:20:00.000Z,22.6805263158,26.3778947368,24.6784210526,26.7410526316,26.8985
2016-09-10T14:30:00.000Z,23.1735,26.3447368421,24.6535,27.081,27.03
2016-09-10T14:40:00.000Z,23.4631578947,26.5415,24.825,27.3621052632,27.437
2016-09-10T14:50:00.000Z,23.4510526316,26.9868421053,24.3452631579,27.4365,27.5326315789
2016-09-10T15:00:00.000Z,23.682,27.4684210526,24.3905555556,27.7047368421,28.0994736842
2016-09-10T15:10:00.000Z,24.0585,27.7036842105,24.937,28.1827777778,28.4736842105
2016-09-10T15:20:00.000Z,24.3610526316,28.0675,25.3033333333,28.3352631579,28.729
2016-09-10T15:30:00.000Z,24.4884210526,28.2605263158,25.42,28.3473684211,29.1184210526
2016-09-10T15:40:00.000Z,24.5431578947,28.3457894737,25.6215789474,28.373,29.2794444444
2016-09-10T15:50:00.000Z,24.94,28.7105263158,26.0705,28.6363157895,29.5694736842
2016-09-10T16:00:00.000Z,25.6710526316,28.8495,26.9905263158,29.3863157895,30.1257894737
2016-09-10T16:10:00.000Z,26.0878947368,29.3978947368,27.1910526316,29.8363157895,30.7755
2016-09-10T16:20:00.000Z,26.6231578947,29.9005263158,27.8984210526,30.2110526316,31.4210526316
2016-09-10T16:30:00.000Z,26.9622222222,29.9973684211,28.0442105263,30.7535,31.6136842105
2016-09-10T16:40:00.000Z,27.721,30.5615,28.371,30.94,31.8921052632
2016-09-10T16:50:00.000Z,28.1431578947,30.9575,28.5615789474,31.1952631579,32.1775
2016-09-10T17:00:00.000Z,28.4115,31.4,28.8172222222,31.4765,32.6621052632
2016-09-10T17:10:00.000Z,28.8805,31.8125,29.1695,31.9763157895,33.0484210526
2016-09-10T17:20:00.000Z,29.1715789474,32.5663157895,29.3878947368,32.15,33.389
2016-09-10T17:30:00.000Z,29.6355,32.5878947368,30.161,32.433,33.5526315789
2016-09-10T17:40:00.000Z,30.1157894737,33.1445,30.8042105263,32.8973684211,34.1210526316
2016-09-10T17:50:00.000Z,30.1157894737,33.7805555556,30.86,32.8884210526,34.1935
2016-09-10T18:00:00.000Z,30.429,34.0778947368,30.9595,32.8095,34.3147368421
2016-09-10T18:10:00.000Z,31.1421052632,34.1425,31.9877777778,33.1010526316,34.6715
2016-09-10T18:20:00.000Z,31.5826315789,34.488,32.7105555556,33.8485,35.3733333333
2016-09-10T18:30:00.000Z,31.7705,35.01,32.791,33.7927777778,35.5652631579
2016-09-10T18:40:00.000Z,31.5705263158,35.1295,32.7084210526,33.634,35.4335
2016-09-10T18:50:00.000Z,32.0261111111,35.5021052632,33.449,33.95,35.8863157895
2016-09-10T19:00:00.000Z,32.127,35.3305263158,33.427,34.0447368421,36.2721052632
2016-09-10T19:10:00.000Z,32.3957894737,35.0775,33.9626315789,33.95,35.994
2016-09-10T19:20:00.000Z,32.5121052632,35.6831578947,34.31,34.2855,36.38
2016-09-10T19:30:00.000Z,32.218,35.6836842105,34.1745,34.3684210526,36.5610526316
2016-09-10T19:40:00.000Z,31.8605263158,35.568,33.2889473684,33.9161111111,35.79
2016-09-10T19:50:00.000Z,31.9889473684,35.9310526316,33.6142105263,33.9595,35.8431578947
2016-09-10T20:00:00.000Z,32.451,35.8868421053,34.0565,34.1863157895,35.7478947368
2016-09-10T20:10:00.000Z,31.7647368421,35.659,33.0563157895,33.7363157895,35.3725
2016-09-10T20:20:00.000Z,31.4963157895,35.0621052632,33.3126315789,33.6105555556,35.2868421053
2016-09-10T20:30:00.000Z,31.3033333333,34.6773684211,32.8294736842,33.369,34.7305263158
2016-09-10T20:40:00.000Z,30.632,34.3055,31.7885,32.7905263158,34.0463157895
2016-09-10T20:50:00.000Z,30.3605263158,34.2394736842,31.9315789474,32.808,33.9805
2016-09-10T21:00:00.000Z,29.8589473684,34.0563157895,31.6310526316,32.4515,33.6721052632
2016-09-10T21:10:00.000Z,29.6865,33.4563157895,31.0975,32.0255,33.0805263158
2016-09-10T21:20:00.000Z,29.1268421053,33.1225,30.4763157895,31.5815789474,32.3510526316
2016-09-10T21:30:00.000Z,28.3142105263,32.4905263158,29.68,31.0252631579,31.516
2016-09-10T21:40:00.000Z,27.2735,31.5966666667,28.498,30.3265,30.4473684211
2016-09-10T21:50:00.000Z,25.8636842105,30.2265,27.0342105263,29.1494736842,29.0335
2016-09-10T22:00:00.000Z,24.0877777778,28.0584210526,24.8210526316,27.6605,27.0521052632
2016-09-10T22:10:00.000Z,21.658,25.1225,22.353,25.3210526316,24.4657894737
2016-09-10T22:20:00.000Z,20.1310526316,23.4065,20.6668421053,23.6231578947,22.9295
2016-09-10T22:30:00.000Z,19.0084210526,22.5421052632,19.5121052632,22.5325,22.0168421053
2016-09-10T22:40:00.000Z,17.6195,21.963,17.986,21.4189473684,21.129
2016-09-10T22:50:00.000Z,17.2305263158,21.6757894737,17.5289473684,20.9875,20.7725
2016-09-10T23:00:00.000Z,17.5094736842,21.5247368421,17.8078947368,21.4155,21.3105263158
2016-09-10T23:10:00.000Z,17.5275,21.6495,17.8065,21.3325,20.9794736842
2016-09-10T23:20:00.000Z,17.4984210526,21.3968421053,17.8415789474,20.988,20.292
2016-09-10T23:30:00.000Z,17.202,20.6678947368,17.8915,20.835,20.1415789474
2016-09-10T23:40:00.000Z,17.1121052632,20.702,17.5268421053,20.4957894737,19.9585
2016-09-10T23:50:00.000Z,16.8015789474,20.8836842105,17.1894736842,20.3025,19.8526315789
2016-09-11T00:00:00.000Z,16.806,20.4305263158,17.283,20.1883333333,19.4142105263
2016-09-11T00:10:00.000Z,16.6836842105,20.3121052632,17.2242105263,19.8205263158,19.1773684211
2016-09-11T00:20:00.000Z,16.4357894737,19.673,16.9442105263,19.5815,19.0315
2016-09-11T00:30:00.000Z,15.948,18.9963157895,16.6035,19.44,18.706
2016-09-11T00:40:00.000Z,15.0884210526,18.2142105263,15.7910526316,18.8021052632,18.1936842105
2016-09-11T00:50:00.000Z,14.5521052632,17.6894736842,15.0873684211,18.2473684211,17.7005
2016-09-11T01:00:00.000Z,14.2495,17.2621052632,14.8035,17.782,17.2736842105
2016-09-11T01:10:00.000Z,14.1773684211,16.816,14.8842105263,17.6263157895,16.8555
2016-09-11T01:20:00.000Z,13.7810526316,16.7035,14.4155555556,17.5672222222,16.938
2016-09-11T01:30:00.000Z,13.7173684211,16.7378947368,14.2894736842,17.4455,16.6405263158
2016-09-11T01:40:00.000Z,13.4821052632,16.3173684211,14.0255,16.9847368421,16.4363157895
2016-09-11T01:50:00.000Z,13.2357894737,16.1573684211,13.738,16.642,16.1447368421
2016-09-11T02:00:00.000Z,13.1715789474,16.1725,13.8173684211,16.7705263158,16.1131578947
2016-09-11T02:10:00.000Z,13.2357894737,16.1172222222,13.6855,16.5868421053,16.0805
2016-09-11T02:20:00.000Z,13.0625,16.0272222222,13.5675,16.5215789474,16.0068421053
2016-09-11T02:30:00.000Z,12.4542105263,15.3995,13.0231578947,15.9531578947,15.561
2016-09-11T02:40:00.000Z,11.6257894737,14.911,12.2263157895,15.339,15.2910526316
2016-09-11T02:50:00.000Z,11.6745,14.9105,11.778,15.3873684211,15.2157894737
2016-09-11T03:00:00.000Z,11.7557894737,14.9157894737,11.6084210526,15.2811111111,15.0435
2016-09-11T03:10:00.000Z,11.349,14.3368421053,11.427,14.9615,14.5189473684
2016-09-11T03:20:00.000Z,10.6205263158,13.8545,10.8605263158,14.4442105263,13.792
2016-09-11T03:30:00.000Z,10.3747368421,13.7594736842,10.9605263158,14.169,13.6205263158
2016-09-11T03:40:00.000Z,11.1055,13.9842105263,11.6295,14.5078947368,14.2631578947
2016-09-11T03:50:00.000Z,11.4261111111,14.6975,12.0236842105,15.0342105263,14.85
2016-09-11T04:00:00.000Z,11.553,14.8305263158,11.9485,15.288,14.7663157895
2016-09-11T04:10:00.000Z,11.1231578947,14.342,11.5978947368,14.9789473684,14.372
2016-09-11T04:20:00.000Z,11.2385,14.688,11.9673684211,15.013,14.5078947368
2016-09-11T04:30:00.000Z,11.309,14.7985,11.8855,15.1455,14.5415789474
2016-09-11T04:40:00.000Z,10.8568421053,14.2736842105,11.3173684211,14.8078947368,14.1385
2016-09-11T04:50:00.000Z,10.3642105263,13.9355,10.7921052632,14.362,13.8342105263
2016-09-11T05:00:00.000Z,10.231,13.6205263158,10.7275,14.1347368421,13.5036842105
2016-09-11T05:10:00.000Z,10.1289473684,13.721,10.9273684211,13.9752631579,13.6305263158
2016-09-11T05:20:00.000Z,10.0431578947,13.8133333333,10.9710526316,13.9765,13.641
2016-09-11T05:30:00.000Z,10.3094736842,13.8131578947,11.1157894737,14.079,13.9310526316
2016-09-11T05:40:00.000Z,10.414,13.8247368421,11.298,14.1242105263,14.0594736842
2016-09-11T05:50:00.000Z,10.2784210526,13.773,11.2842105263,14.0489473684,14.058
2016-09-11T06:00:00.000Z,10.353,13.9105263158,11.15,14.0175,13.8557894737
2016-09-11T06:10:00.000Z,10.2773684211,13.905,11.1395,14.0855555556,13.8745
2016-09-11T06:20:00.000Z,10.099,13.6426315789,10.949,14.008,13.6410526316
2016-09-11T06:30:00.000Z,10.0385,13.4875,10.95,13.7910526316,13.6852631579
2016-09-11T06:40:00.000Z,10.1178947368,13.5136842105,10.8384210526,13.8031578947,13.6705
2016-09-11T06:50:00.000Z,10.099,13.3868421053,10.918,13.722,13.6731578947
2016-09-11T07:00:00.000Z,9.9584210526,13.275,10.8373684211,13.641,13.5605
2016-09-11T07:10:00.000Z,9.7,13.1168421053,10.5568421053,13.458,13.3531578947
2016-09-11T07:20:00.000Z,9.5795,12.9895,10.2675,13.1815789474,13.0957894737
2016-09-11T07:30:00.000Z,9.3052631579,12.736,10.0857894737,13.0747368421,12.929
2016-09-11T07:40:00.000Z,9.215,12.5278947368,9.99,12.9595,12.8610526316
2016-09-11T07:50:00.000Z,8.9936842105,12.409,9.7710526316,12.6242105263,12.6142105263
2016-09-11T08:00:00.000Z,8.6410526316,12.0483333333,9.425,12.275,12.2545
2016-09-11T08:10:00.000Z,8.2975,11.6589473684,9.095,12,11.9042105263
2016-09-11T08:20:00.000Z,7.9952631579,11.3095,8.6515789474,11.7457894737,11.4815
2016-09-11T08:30:00.000Z,7.7785,11.1347368421,8.3395,11.6355,11.2842105263
2016-09-11T08:40:00.000Z,7.6205263158,11.167,8.3710526316,11.492,11.29
2016-09-11T08:50:00.000Z,7.6005263158,11.1768421053,8.345,11.3195,11.2731578947
2016-09-11T09:00:00.000Z,7.1685,10.6105263158,7.5295,11.08,10.6165
2016-09-11T09:10:00.000Z,6.9136842105,10.332,7.2826315789,10.9405555556,10.3835
2016-09-11T09:20:00.000Z,7.046,10.4068421053,7.3915,10.9325,10.5165
2016-09-11T09:30:00.000Z,6.7321052632,10.1295,7.1142105263,10.4921052632,10.1695
2016-09-11T09:40:00.000Z,6.2726315789,9.7010526316,6.4411111111,9.886,9.7642105263
2016-09-11T09:50:00.000Z,5.592,9.071,5.826,9.3905263158,9.1652631579
2016-09-11T10:00:00.000Z,4.7526315789,8.195,4.9742105263,8.4910526316,8.3805
2016-09-11T10:10:00.000Z,4.5845,8.3289473684,4.998,8.441,8.3178947368
2016-09-11T10:20:00.000Z,5.5236842105,9.174,6.1610526316,9.0363157895,9.0525
2016-09-11T10:30:00.000Z,6.4347368421,9.8831578947,7.0805263158,10.017,10.0115789474
2016-09-11T10:40:00.000Z,7.3605,10.7494736842,7.8605,10.93,10.5257894737
2016-09-11T10:50:00.000Z,8.4573684211,11.644,9.5368421053,11.9268421053,11.493
2016-09-11T11:00:00.000Z,9.386,12.4963157895,11.182,12.8265,12.3447368421
2016-09-11T11:10:00.000Z,10.3631578947,13.214,12.6525,13.5563157895,13.071
2016-09-11T11:20:00.000Z,11.1447368421,13.8794736842,13.802,14.4225,13.8447368421
2016-09-11T11:30:00.000Z,11.675,14.4131578947,14.8905,15.1116666667,14.3373684211
2016-09-11T11:40:00.000Z,12.115,15.0752631579,15.4794444444,15.5047368421,14.8726315789
2016-09-11T11:50:00.000Z,11.9295,15.257,15.825,15.2257894737,14.68
2016-09-11T12:00:00.000Z,11.8626315789,15.6863157895,16.6315789474,15.3431578947,14.9015
2016-09-11T12:10:00.000Z,12.2545,15.9542105263,16.858,15.7445,15.3722222222
2016-09-11T12:20:00.000Z,13.1027777778,16.713,17.2115789474,16.6505555556,16.1625
2016-09-11T12:30:00.000Z,13.7315,17.405,17.6952631579,17.294,17.0478947368
2016-09-11T12:40:00.000Z,14.1085,18.0968421053,18.2005,17.731,17.5836842105
2016-09-11T12:50:00.000Z,14.5731578947,18.6255,18.488,18.1726315789,18.229
2016-09-11T13:00:00.000Z,15.146,19.37,19.2655,18.93,19.0389473684
2016-09-11T13:10:00.000Z,15.643,20.599,20.4994736842,19.7563157895,20.1626315789
2016-09-11T13:20:00.000Z,16.4357894737,21.5684210526,20.6115789474,20.5063157895,21.0595
2016-09-11T13:30:00.000Z,17.2635,22.3815789474,21.6825,21.3745,21.9321052632
2016-09-11T13:40:00.000Z,17.9794736842,22.593,21.6526315789,22.2321052632,22.8005555556
2016-09-11T13:50:00.000Z,18.3763157895,22.7026315789,21.4505263158,22.6389473684,22.848
2016-09-11T14:00:00.000Z,18.7675,22.8094736842,21.4265,22.747,23.1947368421
2016-09-11T14:10:00.000Z,19.1668421053,23.3465,21.4047368421,23.1742105263,23.458
2016-09-11T14:20:00.000Z,19.6915789474,24.1257894737,21.4047368421,23.58,24.0942105263
2016-09-11T14:30:00.000Z,20.293,24.55,21.5325,24.0836842105,24.66
2016-09-11T14:40:00.000Z,20.9473684211,25.385,21.9563157895,24.8942105263,25.7795
2016-09-11T14:50:00.000Z,21.3868421053,26.2168421053,22.3373684211,25.5145,26.4322222222
2016-09-11T15:00:00.000Z,22.045,26.6325,22.535,26.0021052632,26.8168421053
2016-09-11T15:10:00.000Z,22.5177777778,27.0178947368,23.1673684211,26.5783333333,27.67
2016-09-11T15:20:00.000Z,23.203,27.3942105263,24.079,27.13,28.2168421053
2016-09-11T15:30:00.000Z,23.9868421053,27.9965,24.8557894737,27.9610526316,29.2363157895
2016-09-11T15:40:00.000Z,24.0731578947,27.6966666667,25.2431578947,27.9715789474,29.064
2016-09-11T15:50:00.000Z,24.5965,28.8605263158,26.038,28.596,30.1147368421
2016-09-11T16:00:00.000Z,25.3610526316,29.154,26.6994736842,29.2668421053,30.7136842105
2016-09-11T16:10:00.000Z,25.66,29.063,26.8761111111,29.4826315789,30.9294736842
2016-09-11T16:20:00.000Z,25.8305,29.3431578947,27.017,29.686,30.9821052632
2016-09-11T16:30:00.000Z,26.9978947368,30.5725,27.8989473684,30.642,31.8835
2016-09-11T16:40:00.000Z,27.2336842105,30.359,27.7963157895,30.4789473684,31.842
2016-09-11T16:50:00.000Z,27.9521052632,31.0042105263,28.6610526316,31.019,32.7266666667
2016-09-11T17:00:00.000Z,28.3884210526,31.1321052632,28.7515789474,31.1968421053,32.7484210526
2016-09-11T17:10:00.000Z,28.646,31.3131578947,28.9355,31.3784210526,32.7905263158
2016-09-11T17:20:00.000Z,28.8278947368,31.955,29.3652631579,31.7415789474,33.093
2016-09-11T17:30:00.000Z,29.5794736842,32.6957894737,29.8368421053,32.0765,33.6284210526
2016-09-11T17:40:00.000Z,29.7685,32.544,29.946,31.8921052632,33.86
2016-09-11T17:50:00.000Z,30.6084210526,33.0910526316,31.3111111111,32.4268421053,34.4385
2016-09-11T18:00:00.000Z,30.6525,33.1226315789,31.5215,32.8685,34.6026315789
2016-09-11T18:10:00.000Z,30.551,33.4557894737,31.1495,32.7765,34.6105
2016-09-11T18:20:00.000Z,31.0894736842,33.849,32.1136842105,33.031,34.8145
2016-09-11T18:30:00.000Z,31.3357894737,34.4747368421,32.27,32.808,35.2015
2016-09-11T18:40:00.000Z,31.313,34.8994444444,32.4715,33.0789473684,35.2021052632
2016-09-11T18:50:00.000Z,31.2163157895,35.363,32.8547368421,33.0794736842,35.516
2016-09-11T19:00:00.000Z,31.3142105263,36.2089473684,33.22,33.2345,35.5657894737
2016-09-11T19:10:00.000Z,31.405,34.7531578947,33.26,33.4568421053,35.49
2016-09-11T19:20:00.000Z,30.8426315789,34.5705,32.5688888889,32.8994736842,34.632
2016-09-11T19:30:00.000Z,31.09,34.6352631579,32.63,32.9078947368,34.7094736842
2016-09-11T19:40:00.000Z,30.8765,34.3573684211,32.4275,32.686,34.4952631579
2016-09-11T19:50:00.000Z,30.6921052632,34.2745,32.5957894737,32.6952631579,34.3865
2016-09-11T20:00:00.000Z,30.6394736842,33.8742105263,32.4815,32.6555,34.1326315789
2016-09-11T20:10:00.000Z,30.49,33.3268421053,32.204,32.63,34.1094736842
2016-09-11T20:20:00.000Z,30.0184210526,33.398,32.0231578947,32.4378947368,33.6068421053
2016-09-11T20:30:00.000Z,30.9068421053,33.9815789474,33.2563157895,32.768,34.4321052632
2016-09-11T20:40:00.000Z,30.521,33.5426315789,32.3,32.4525,33.8426315789
2016-09-11T20:50:00.000Z,29.7772222222,33.1145,31.5636842105,32.1384210526,33.3595
2016-09-11T21:00:00.000Z,29.16,32.6305263158,30.8305555556,31.4968421053,32.676
2016-09-11T21:10:00.000Z,28.7957894737,31.8505263158,30.6755555556,31.233,32.025
2016-09-11T21:20:00.000Z,28.1475,30.8405555556,29.8715,30.5005263158,31.1405
2016-09-11T21:30:00.000Z,27.1268421053,30.0215,28.6585,29.9244444444,30.1845
2016-09-11T21:40:00.000Z,26.0136842105,29.1394736842,27.4826315789,29.0245,29.2152631579
2016-09-11T21:50:00.000Z,24.627,28.1326315789,25.7415,28.0021052632,27.8863157895
2016-09-11T22:00:00.000Z,23.0878947368,26.521,23.8731578947,26.8373684211,26.319
2016-09-11T22:10:00.000Z,21.1078947368,24.566,21.8105263158,24.8485,24.0826315789
2016-09-11T22:20:00.000Z,19.6115,23.0873684211,20.075,23.2926315789,22.5947368421
2016-09-11T22:30:00.000Z,18.7394736842,22.014,19.2984210526,22.21,21.5875
2016-09-11T22:40:00.000Z,18.3536842105,21.5678947368,18.9178947368,21.8,21.0110526316
2016-09-11T22:50:00.000Z,17.9135,20.8926315789,18.489,21.4831578947,20.7336842105
2016-09-11T23:00:00.000Z,17.7005263158,20.794,18.4594736842,21.4078947368,20.6295
2016-09-11T23:10:00.000Z,17.781,21.0657894737,18.4775,21.2625,20.6352631579
2016-09-11T23:20:00.000Z,17.5831578947,20.8355,18.3805263158,21.3431578947,20.5705263158
2016-09-11T23:30:00.000Z,17.4994736842,20.6784210526,17.978,20.9473684211,20.2815
2016-09-11T23:40:00.000Z,17.2625,20.3457894737,17.935,20.65,19.9373684211
2016-09-11T23:50:00.000Z,16.8021052632,20.1095,17.5384210526,20.4957894737,19.765
2016-09-12T00:00:00.000Z,16.6305263158,19.6725,17.369,20.1805,19.4026315789
2016-09-12T00:10:00.000Z,16.1989473684,19.4568421053,16.9552631579,19.9844444444,19.1889473684
2016-09-12T00:20:00.000Z,15.847,19.2542105263,16.444,19.51,18.7510526316
2016-09-12T00:30:00.000Z,15.6215789474,18.7875,16.2047368421,19.2,18.5345
2016-09-12T00:40:00.000Z,15.2905263158,18.5042105263,15.7789473684,18.737,17.99
2016-09-12T00:50:00.000Z,15.0235,18.219,15.5275,18.4605263158,17.7447368421
2016-09-12T01:00:00.000Z,14.5957894737,17.8831578947,15.2415,18.12,17.4765
2016-09-12T01:10:00.000Z,14.3689473684,17.6473684211,14.9189473684,17.7973684211,17.2947368421
2016-09-12T01:20:00.000Z,13.965,17.2515789474,14.6005,17.477,16.9005263158
2016-09-12T01:30:00.000Z,13.8021052632,16.8565,14.2094736842,17.3484210526,16.6525
2016-09-12T01:40:00.000Z,13.5463157895,16.7268421053,13.931,16.9085,16.2752631579
2016-09-12T01:50:00.000Z,13.2945,16.48,13.7705,16.7168421053,16.1457894737
2016-09-12T02:00:00.000Z,13.0742105263,16.192,13.5936842105,16.7489473684,16.2125
2016-09-12T02:10:00.000Z,12.7115789474,15.9485,13.2247368421,16.4585,15.8784210526
2016-09-12T02:20:00.000Z,12.3475,15.7245,12.8563157895,16.07,15.4931578947
2016-09-12T02:30:00.000Z,12.1515789474,15.3657894737,12.7652631579,15.836,15.2785
2016-09-12T02:40:00.000Z,11.949,15.1726315789,12.514,15.8142105263,15.0447368421
2016-09-12T02:50:00.000Z,11.8621052632,14.9315,12.4852631579,15.6542105263,14.9915
2016-09-12T03:00:00.000Z,11.7136842105,14.809,12.269,15.521,14.6910526316
2016-09-12T03:10:00.000Z,11.838,14.7175,12.2505263158,15.3757894737,14.5947368421
2016-09-12T03:20:00.000Z,11.471,14.3915789474,11.7668421053,15.185,14.5155
2016-09-12T03:30:00.000Z,10.9025,13.9526315789,11.363,14.5294736842,14.1989473684
2016-09-12T03:40:00.000Z,10.1184210526,13.386,10.8047368421,14.0715789474,13.6305
2016-09-12T03:50:00.000Z,9.754,12.9994736842,10.3645,13.5185,13.2152631579
2016-09-12T04:00:00.000Z,9.5721052632,12.787,10.2205263158,13.3261111111,13.0105
2016-09-12T04:10:00.000Z,9.5284210526,12.5921052632,10.1652631579,13.1725,12.9989473684
2016-09-12T04:20:00.000Z,9.459,12.645,9.98,13.1133333333,12.8931578947
2016-09-12T04:30:00.000Z,9.2238888889,12.132,9.5357894737,12.9578947368,12.5305
2016-09-12T04:40:00.000Z,9.021,11.8847368421,9.21,12.459,12.2578947368
2016-09-12T04:50:00.000Z,9.0042105263,11.9495,9.4338888889,12.5694736842,12.3155
2016-09-12T05:00:00.000Z,8.9931578947,12.0752631579,9.5415,12.6845,12.4742105263
2016-09-12T05:10:00.000Z,9.3775,12.3265,9.863,13.0421052632,12.7863157895
2016-09-12T05:20:00.000Z,9.8721052632,12.8515789474,10.246,13.4389473684,13.112
2016-09-12T05:30:00.000Z,10.181,12.9989473684,10.501,13.803,13.2535
2016-09-12T05:40:00.000Z,10.3310526316,13.306,10.651,14.0494736842,13.4585
2016-09-12T05:50:00.000Z,9.9247368421,13.0747368421,10.383,13.702,13.2236842105
2016-09-12T06:00:00.000Z,9.459,12.674,10.0965,13.2131578947,13.0536842105
2016-09-12T06:10:00.000Z,9.0152631579,12.2368421053,9.6694736842,12.838,12.5105
2016-09-12T06:20:00.000Z,8.4305,11.8731578947,9.0945,12.3657894737,12.1189473684
2016-09-12T06:30:00.000Z,8.1452631579,11.2485,8.5721052632,11.9705263158,11.6545
2016-09-12T06:40:00.000Z,7.8036842105,11.0305555556,7.9889473684,11.624,11.2631578947
2016-09-12T06:50:00.000Z,7.656,10.9935,7.999,11.3705,11.1884210526
2016-09-12T07:00:00.000Z,7.4133333333,10.7284210526,7.7984210526,11.2285,10.8305
2016-09-12T07:10:00.000Z,7.2195,10.7289473684,7.742,11.1131578947,10.6631578947
2016-09-12T07:20:00.000Z,7.0115789474,10.5055,7.5852631579,10.8663157895,10.587
2016-09-12T07:30:00.000Z,7.0565,10.5352631579,7.679,10.9525,10.7068421053
2016-09-12T07:40:00.000Z,7.1510526316,10.7185,7.6747368421,11.0389473684,10.8505
2016-09-12T07:50:00.000Z,7.2468421053,10.6547368421,7.6731578947,11.127,10.8915
2016-09-12T08:00:00.000Z,7.34,10.7805263158,7.9565,11.1894736842,10.9426315789
2016-09-12T08:10:00.000Z,7.3957894737,10.9425,7.8978947368,11.2963157895,10.901
2016-09-12T08:20:00.000Z,7.3005,10.7921052632,7.9025,11.1375,10.9952631579
2016-09-12T08:30:00.000Z,7.2468421053,10.6426315789,7.743,11.1352631579,10.973
2016-09-12T08:40:00.000Z,7.3410526316,10.619,7.7305263158,11.1884210526,11.015
2016-09-12T08:50:00.000Z,7.3436842105,10.4865,7.9557894737,11.096,10.9631578947
2016-09-12T09:00:00.000Z,7.351,10.5575,7.8873684211,11.0594736842,10.93
2016-09-12T09:10:00.000Z,7.1073684211,10.536,7.7978947368,10.9536842105,10.8415
2016-09-12T09:20:00.000Z,7.087,10.4278947368,7.646,10.7605,10.7605
2016-09-12T09:30:00.000Z,6.831,10.12,7.3947368421,10.6736842105,10.4755
2016-09-12T09:40:00.000Z,6.7973684211,10.0385,7.2916666667,10.6785,10.537
2016-09-12T09:50:00.000Z,6.8273684211,10.105,7.3057894737,10.618,10.5263157895
2016-09-12T10:00:00.000Z,6.964,10.4510526316,7.657,10.8126315789,10.6426315789
2016-09-12T10:10:00.000Z,7.1405263158,10.6885,7.7526315789,10.9310526316,10.8415
2016-09-12T10:20:00.000Z,7.0747368421,10.5055,7.635,10.902,10.6636842105
2016-09-12T10:30:00.000Z,7.036,10.424,7.5957894737,10.8678947368,10.578
2016-09-12T10:40:00.000Z,7.2573684211,10.5247368421,7.8595,10.963,10.852
2016-09-12T10:50:00.000Z,7.5445,10.6215789474,8.7225,11.2521052632,10.9421052632
2016-09-12T11:00:00.000Z,8.2115789474,11.086,9.9055,11.7644444444,11.41
2016-09-12T11:10:00.000Z,8.8685,11.7231578947,10.96,12.337,11.9368421053
2016-09-12T11:20:00.000Z,9.7425,12.4595,12.259,13.184,12.6031578947
2016-09-12T11:30:00.000Z,10.3757894737,13.2031578947,13.0452631579,13.7115,13.2135
2016-09-12T11:40:00.000Z,10.821,13.7268421053,13.366,14.2642105263,13.6963157895
2016-09-12T11:50:00.000Z,11.5189473684,14.454,14.4131578947,14.8515789474,14.16
2016-09-12T12:00:00.000Z,12.1325,15.2047368421,15.1184210526,15.6015,15.0442105263
2016-09-12T12:10:00.000Z,12.948,16.0695,16.294,16.4263157895,15.9110526316
2016-09-12T12:20:00.000Z,13.91,17.3489473684,17.4936842105,17.3810526316,16.937
2016-09-12T12:30:00.000Z,14.8715,18.3694444444,18.5425,18.5455,18.1189473684
2016-09-12T12:40:00.000Z,15.5463157895,19.2765,19.3115789474,19.1242105263,18.8578947368
2016-09-12T12:50:00.000Z,16.4468421053,20.2173684211,20.2752631579,20.05,19.9255
2016-09-12T13:00:00.000Z,16.968,20.7436842105,20.1715,20.753,20.3557894737
2016-09-12T13:10:00.000Z,17.6694736842,21.395,21.0810526316,21.2242105263,21.3125
2016-09-12T13:20:00.000Z,18.1831578947,22.6163157895,21.7989473684,22.076,22.2075
2016-09-12T13:30:00.000Z,18.636,23.437,22.546,22.4889473684,22.7552631579
2016-09-12T13:40:00.000Z,19.2105263158,24.3615789474,23.1226315789,23.1094736842,23.7835
2016-09-12T13:50:00.000Z,20.201,25.3115,23.652,24.1385,24.6966666667
2016-09-12T14:00:00.000Z,20.2694736842,24.9095,23.1833333333,24.4784210526,24.84
2016-09-12T14:10:00.000Z,20.4742105263,25.1278947368,22.9110526316,24.4363157895,25.1810526316
2016-09-12T14:20:00.000Z,21.028,25.5852631579,22.9725,25.1115,25.7778947368
2016-09-12T14:30:00.000Z,20.9042105263,25.363,22.3605263158,24.9894736842,25.515
2016-09-12T14:40:00.000Z,21.2784210526,25.3610526316,22.0233333333,25.0426315789,25.5616666667
2016-09-12T14:50:00.000Z,21.3757894737,25.2647368421,21.9326315789,25.19,25.5865
2016-09-12T15:00:00.000Z,21.689,25.3068421053,22.302,25.5875,25.8942105263
2016-09-12T15:10:00.000Z,21.9957894737,25.4135,22.6,25.8321052632,26.226
2016-09-12T15:20:00.000Z,22.2742105263,25.81,23.0784210526,25.994,26.633
2016-09-12T15:30:00.000Z,22.2075,25.8957894737,23.0795,26.1310526316,26.6452631579
2016-09-12T15:40:00.000Z,22.3378947368,25.7795,23.5352631579,26.2384210526,26.94
2016-09-12T15:50:00.000Z,22.4161111111,25.9057894737,23.6942105263,26.3895,27.1794736842
2016-09-12T16:00:00.000Z,22.757,25.82,24.1535,26.5222222222,27.3515789474
2016-09-12T16:10:00.000Z,23.1626315789,26.0945,24.4226315789,26.9547368421,27.8326315789
2016-09-12T16:20:00.000Z,23.7616666667,26.6344444444,25.035,27.6194736842,28.6789473684
2016-09-12T16:30:00.000Z,23.662,26.5005,24.7165,27.1584210526,27.9157894737
2016-09-12T16:40:00.000Z,23.8468421053,26.9895,24.5905263158,27.3936842105,28.6365
2016-09-12T16:50:00.000Z,24.637,27.5595,25.0525,28.1588888889,29.3742105263
2016-09-12T17:00:00.000Z,25.13,28.0242105263,25.7075,28.5035,29.6442105263
2016-09-12T17:10:00.000Z,25.6605263158,28.1475,26.0478947368,28.6142105263,29.7410526316
2016-09-12T17:20:00.000Z,25.8815,28.6352631579,26.2157894737,28.9021052632,30.1245
2016-09-12T17:30:00.000Z,26.0236842105,28.6568421053,26.391,28.84,30.04
2016-09-12T17:40:00.000Z,26.2065,28.6457894737,26.62,29.0194736842,30.0716666667
2016-09-12T17:50:00.000Z,26.4872222222,29.29,27.2188888889,29.0511111111,30.3405263158
2016-09-12T18:00:00.000Z,26.645,29.3752631579,27.391,29.2565,30.4789473684
2016-09-12T18:10:00.000Z,26.5484210526,29.6965,27.55,29.1088888889,30.4368421053
2016-09-12T18:20:00.000Z,26.6984210526,29.6663157895,27.9310526316,29.2111111111,30.673
2016-09-12T18:30:00.000Z,27.1088888889,29.9027777778,28.3921052632,29.2026315789,30.9077777778
2016-09-12T18:40:00.000Z,27.2135,30.3389473684,28.489,29.4405263158,31.2389473684
2016-09-12T18:50:00.000Z,26.8921052632,30.1345,28.3131578947,29.1594736842,30.755
2016-09-12T19:00:00.000Z,27.2347368421,30.7684210526,28.7726315789,29.3095,31.3773684211
2016-09-12T19:10:00.000Z,27.4964705882,30.8129411765,29.1122222222,29.5522222222,31.2911764706
2016-09-12T19:20:00.000Z,27.3445,30.5657894737,28.9173684211,29.3426315789,31.0036842105
2016-09-12T19:30:00.000Z,27.37,30.7838888889,28.6936842105,29.3852631579,31.4110526316
2016-09-12T19:40:00.000Z,27.6189473684,30.8575,28.8605263158,29.369,31.6275
2016-09-12T19:50:00.000Z,27.1589473684,30.2226315789,28.8847368421,29.2894736842,31.0142105263
2016-09-12T20:00:00.000Z,26.572,30.2010526316,28.4345,29.1545,30.7263157895
2016-09-12T20:10:00.000Z,26.8694736842,30.591,28.5384210526,29,30.8968421053
2016-09-12T20:20:00.000Z,27.131,30.4689473684,28.7125,29.043,30.9394736842
2016-09-12T20:30:00.000Z,26.6978947368,30.1678947368,28.5031578947,29.1055,30.6735
2016-09-12T20:40:00.000Z,26.1847368421,29.4725,27.88,28.6352631579,30.1147368421
2016-09-12T20:50:00.000Z,26.0231578947,30.1042105263,27.645,28.3252631579,29.7936842105
2016-09-12T21:00:00.000Z,26.542,30.2657894737,28.3825,28.7927777778,30.1627777778
2016-09-12T21:10:00.000Z,25.7889473684,29.0835,27.3263157895,28.4536842105,29.4826315789
2016-09-12T21:20:00.000Z,25.1157894737,28.7,26.5426315789,27.8221052632,28.607
2016-09-12T21:30:00.000Z,25.3289473684,28.85,26.9005,28.027,28.6684210526
2016-09-12T21:40:00.000Z,24.6068421053,28.087,25.8589473684,27.3515789474,27.6931578947
2016-09-12T21:50:00.000Z,23.1525,26.7936842105,24.3325,26.1952631579,26.3873684211
2016-09-12T22:00:00.000Z,20.8815789474,25.0431578947,21.7255,24.7231578947,24.6655
2016-09-12T22:10:00.000Z,18.168,22.0931578947,18.722,22.5125,21.7284210526
2016-09-12T22:20:00.000Z,15.999,19.3575,16.4631578947,20.11,19.4247368421
2016-09-12T22:30:00.000Z,14.5847368421,18.1175,15.0736842105,18.4826315789,17.8835
2016-09-12T22:40:00.000Z,13.8472222222,17.3516666667,14.2552631579,17.7221052632,17.1711111111
2016-09-12T22:50:00.000Z,12.5705263158,16.0095,13.1305,16.4484210526,15.8252631579
2016-09-12T23:00:00.000Z,11.5310526316,14.7231578947,12.1368421053,15.3973684211,14.7375
2016-09-12T23:10:00.000Z,10.7289473684,13.8347368421,11.1831578947,14.3284210526,13.8989473684
2016-09-12T23:20:00.000Z,11.1447368421,14.4657894737,11.5089473684,14.881,14.6489473684
2016-09-12T23:30:00.000Z,10.6175,14.2495,10.9395,14.4452631579,14.1447368421
2016-09-12T23:40:00.000Z,10.0895,13.47,10.3215,13.8563157895,13.6505
2016-09-12T23:50:00.000Z,10.6685,13.3631578947,11.002,14.413,14.3389473684
2016-09-13T00:00:00.000Z,11.146,13.925,11.4410526316,14.9257894737,14.7885
2016-09-13T00:10:00.000Z,11.3815789474,14.1247368421,11.6344444444,15.3695,15.1294736842
2016-09-13T00:20:00.000Z,11.441,14.2842105263,11.8315,15.1515789474,15.0863157895
2016-09-13T00:30:00.000Z,11.3052631579,14.1795,11.7411111111,15.1805555556,15.0845
2016-09-13T00:40:00.000Z,11.0445,13.7273684211,11.555,14.8605,14.7021052632
2016-09-13T00:50:00.000Z,10.5242105263,13.416,10.9489473684,14.3373684211,14.1126315789
2016-09-13T01:00:00.000Z,10.92,14.017,11.3068421053,14.3052631579,14.292
2016-09-13T01:10:00.000Z,13.1425,15.8784210526,13.7165,16.4075,16.335
2016-09-13T01:20:00.000Z,13.549,16.847,14.0857894737,17.0163157895,16.5757894737
2016-09-13T01:30:00.000Z,12.9884210526,16.2757894737,13.577,16.4175,15.9885
2016-09-13T01:40:00.000Z,12.4842105263,15.7505263158,13.0910526316,15.8583333333,15.4184210526
2016-09-13T01:50:00.000Z,11.9085,15.6225,12.4515789474,15.3010526316,14.9678947368
2016-09-13T02:00:00.000Z,11.7984210526,15.196,12.3157894737,15.2252631579,14.9215
2016-09-13T02:10:00.000Z,11.4205,14.942,11.832,14.911,14.6052631579
2016-09-13T02:20:00.000Z,11.1573684211,15.064,11.5636842105,14.7285,14.566
2016-09-13T02:30:00.000Z,10.8873684211,14.7394444444,11.2842105263,14.4425,14.2205263158
2016-09-13T02:40:00.000Z,10.4345,14.2405,10.8745,14.085,13.8347368421
2016-09-13T02:50:00.000Z,9.8073684211,13.3647368421,10.0545,13.4065,13.1525
2016-09-13T03:00:00.000Z,9.1435,12.7331578947,9.531,12.633,12.5705263158
2016-09-13T03:10:00.000Z,9.0042105263,12.552,9.2547368421,12.4089473684,12.234
2016-09-13T03:20:00.000Z,9.204,12.8931578947,9.5705263158,12.776,12.6021052632
2016-09-13T03:30:00.000Z,9.673,13.4785,10.0015,13.3155,12.8926315789
2016-09-13T03:40:00.000Z,9.9147368421,13.5905,10.0863157895,13.5773684211,13.2225
2016-09-13T03:50:00.000Z,9.4536842105,13.2347368421,9.6021052632,12.9585,12.4752631579
2016-09-13T04:00:00.000Z,8.848,12.4685,8.9135,12.2689473684,11.8842105263
2016-09-13T04:10:00.000Z,7.9847368421,11.919,8.0845,11.5725,11.2685
2016-09-13T04:20:00.000Z,7.6975,10.8884210526,7.9995,11.461,10.9305263158
2016-09-13T04:30:00.000Z,7.2678947368,10.801,7.6068421053,11.23,10.6985
2016-09-13T04:40:00.000Z,6.2615789474,10.1826315789,6.4978947368,10.283,9.8184210526
2016-09-13T04:50:00.000Z,6.059,9.896,5.997,10.0110526316,9.9252631579
2016-09-13T05:00:00.000Z,6.7752631579,10.5673684211,6.8305555556,10.7157894737,10.628
2016-09-13T05:10:00.000Z,7.3305,10.505,7.4975,10.6985,10.6085
2016-09-13T05:20:00.000Z,6.8078947368,10.078,7.1136842105,10.5147368421,10.2625
2016-09-13T05:30:00.000Z,5.9615789474,9.3678947368,6.0952631579,9.723,9.5511111111
2016-09-13T05:40:00.000Z,5.491,9.0257894737,5.9755,9.4852631579,9.08
2016-09-13T05:50:00.000Z,5.4995,8.7910526316,5.8263157895,9.2233333333,8.8995
2016-09-13T06:00:00.000Z,5.287,8.7063157895,5.1145,9.0815,8.899
2016-09-13T06:10:00.000Z,4.4977777778,8.0115,4.2905263158,8.4257894737,8.2565
2016-09-13T06:20:00.000Z,4.4957894737,7.8563157895,3.7631578947,8.349,8.0063157895
2016-09-13T06:30:00.000Z,4.716,7.789,3.973,8.3710526316,8.0926315789
2016-09-13T06:40:00.000Z,4.7410526316,7.8352631579,4.047,8.36,8.267
2016-09-13T06:50:00.000Z,4.0935,7.3110526316,3.792,8.0425,7.7489473684
2016-09-13T07:00:00.000Z,3.7331578947,7.077,3.3584210526,7.6847368421,7.4115
2016-09-13T07:10:00.000Z,3.4,6.6036842105,3.1478947368,7.197,7.0321052632
2016-09-13T07:20:00.000Z,3.28,6.4647368421,2.7385,6.9363157895,6.8505263158
2016-09-13T07:30:00.000Z,2.7052631579,5.836,2.5155,6.3147368421,6.3145
2016-09-13T07:40:00.000Z,1.746,5.165,1.651,5.267,5.5352631579
2016-09-13T07:50:00.000Z,0.9084210526,4.4115,1.0731578947,4.6252631579,4.8484210526
2016-09-13T08:00:00.000Z,0.3715789474,3.8078947368,0.4305555556,4.3394444444,4.4635
2016-09-13T08:10:00.000Z,0.2085,3.88,0.0435,4.177,4.5389473684
2016-09-13T08:20:00.000Z,0.4568421053,4.033,0.1647368421,4.3838888889,4.8
2016-09-13T08:30:00.000Z,1.6463157895,4.7985,1.27,5.3947368421,5.6635
2016-09-13T08:40:00.000Z,1.98,4.9457894737,1.898,5.5342105263,5.673
2016-09-13T08:50:00.000Z,1.8485,4.8505,1.5763157895,5.5305,5.328
2016-09-13T09:00:00.000Z,1.7455,4.8068421053,1.3735,5.308,5.2347368421
2016-09-13T09:10:00.000Z,1.59,4.7210526316,1.045,5.3466666667,5.0963157895
2016-09-13T09:20:00.000Z,1.5384210526,4.636,0.9068421053,5.298,5.1877777778
2016-09-13T09:30:00.000Z,1.4195,4.545,0.706,5.12,4.93
2016-09-13T09:40:00.000Z,1.105,4.42,0.5126315789,4.8926315789,4.7895
2016-09-13T09:50:00.000Z,0.8825,4.1615789474,0.4395,4.7685,4.4747368421
2016-09-13T10:00:00.000Z,0.3389473684,3.6775,0.1089473684,4.2152631579,4.1755
2016-09-13T10:10:00.000Z,0.5342105263,3.7447368421,0.2685,4.2985,4.2036842105
2016-09-13T10:20:00.000Z,0.28,3.7585,-0.1157894737,4.2373684211,4.2905263158
2016-09-13T10:30:00.000Z,0.25,3.7868421053,-0.1268421053,4.2265,4.2065
2016-09-13T10:40:00.000Z,0.8005,4.0115789474,1.077,4.6357894737,4.4642105263
2016-09-13T10:50:00.000Z,1.7321052632,4.4005,3.4505263158,5.2438888889,5.0945
2016-09-13T11:00:00.000Z,2.9255,5.6526315789,5.9836842105,6.304,5.8763157895
2016-09-13T11:10:00.000Z,4.258,7.0975,8.4665,7.4378947368,6.99
2016-09-13T11:20:00.000Z,5.5668421053,8.6084210526,10.236,8.7589473684,8.379
2016-09-13T11:30:00.000Z,6.3263157895,9.7315789474,10.8625,9.5805,9.3036842105
2016-09-13T11:40:00.000Z,7.0255,10.6275,12.1147368421,10.3642105263,10.1005
2016-09-13T11:50:00.000Z,8.337,12.1310526316,13.75,11.604,11.3168421053
2016-09-13T12:00:00.000Z,9.6715,13.6852631579,15.369,12.9563157895,12.7305263158
2016-09-13T12:10:00.000Z,10.7033333333,14.738,16.5542105263,13.9626315789,13.8021052632
2016-09-13T12:20:00.000Z,11.4984210526,15.9685,16.8663157895,14.7757894737,14.759
2016-09-13T12:30:00.000Z,12.3015789474,17.863,18.51,15.795,16.1152631579
2016-09-13T12:40:00.000Z,13.893,20.129,21.0931578947,17.5947368421,18.0221052632
2016-09-13T12:50:00.000Z,14.9578947368,20.897,21.0478947368,18.7585,19.3065
2016-09-13T13:00:00.000Z,15.745,21.6973684211,21.639,19.7136842105,20.5594736842
2016-09-13T13:10:00.000Z,16.2655,21.8915,21.4155,20.191,20.8721052632
2016-09-13T13:20:00.000Z,16.4252631579,21.9025,21.086,20.3342105263,21.0885
2016-09-13T13:30:00.000Z,16.8989473684,22.0921052632,21.0373684211,20.609,21.3436842105
2016-09-13T13:40:00.000Z,17.355,22.737,21.16,21.2578947368,22.1468421053
2016-09-13T13:50:00.000Z,17.4768421053,23.0488888889,20.6342105263,21.4073684211,22.208
2016-09-13T14:00:00.000Z,17.6695,22.8415789474,20.33,21.516,22.2089473684
2016-09-13T14:10:00.000Z,17.8515789474,22.6845,19.9610526316,21.9426315789,22.5335
2016-09-13T14:20:00.000Z,18.2363157895,23.2278947368,19.9255,22.208,22.8736842105
2016-09-13T14:30:00.000Z,18.4625,23.133,19.8295,22.3821052632,22.9395
2016-09-13T14:40:00.000Z,19.1236842105,23.5805,19.9052631579,22.97,23.417
2016-09-13T14:50:00.000Z,19.002,23.6557894737,19.3863157895,23.041,23.3652631579
2016-09-13T15:00:00.000Z,19.205,24.0836842105,19.648,23.2345,23.8163157895
2016-09-13T15:10:00.000Z,19.2,24.0675,19.5326315789,23.0342105263,23.6415
2016-09-13T15:20:00.000Z,19.5305,24.1047368421,19.948,23.387,24.18
2016-09-13T15:30:00.000Z,19.8842105263,24.5565,20.8468421053,23.9547368421,25.2021052632
2016-09-13T15:40:00.000Z,20.6036842105,25.4488888889,21.7526315789,24.6875,26.075
2016-09-13T15:50:00.000Z,21.272,25.5005263158,22.3655,24.8842105263,26.3978947368
2016-09-13T16:00:00.000Z,21.7615789474,25.7878947368,23.1657894737,25.5315789474,26.8163157895
2016-09-13T16:10:00.000Z,22.0389473684,25.892,23.3447368421,25.8631578947,27.315
2016-09-13T16:20:00.000Z,23.0768421053,26.5484210526,24.3310526316,26.8478947368,28.3357894737
2016-09-13T16:30:00.000Z,23.5373684211,26.6135,24.2552631579,26.8605555556,27.9965
2016-09-13T16:40:00.000Z,23.9015789474,27.19,24.21,26.6135,27.9505263158
2016-09-13T16:50:00.000Z,23.5810526316,27.0189473684,24.3105263158,26.5363157895,27.7031578947
2016-09-13T17:00:00.000Z,24.139,27.7463157895,24.8845,26.9873684211,28.6026315789
2016-09-13T17:10:00.000Z,24.1578947368,27.427,24.79,26.7205263158,28.239
2016-09-13T17:20:00.000Z,25.1489473684,28.6031578947,25.6115789474,27.5475,29.4936842105
2016-09-13T17:30:00.000Z,25.465,29.136,25.9,27.4366666667,28.9855555556
2016-09-13T17:40:00.000Z,25.7889473684,29.8594736842,26.6873684211,27.9615789474,29.911
2016-09-13T17:50:00.000Z,25.4373684211,29.268,26.805,27.7257894737,29.7826315789
2016-09-13T18:00:00.000Z,24.6489473684,28.7957894737,26.219,27.3621052632,29.4005
2016-09-13T18:10:00.000Z,25.243,28.839,26.4863157895,27.3445,29.4505263158
2016-09-13T18:20:00.000Z,25.1905,28.3225,26.273,26.94,28.789
2016-09-13T18:30:00.000Z,25.5963157895,28.7963157895,26.7663157895,27.5978947368,29.3605
2016-09-13T18:40:00.000Z,26.1731578947,29.6863157895,27.6273684211,28.077,30.2010526316
2016-09-13T18:50:00.000Z,25.6465,29.93,26.869,27.94,30.0405263158
2016-09-13T19:00:00.000Z,25.9284210526,30.0425,27.6289473684,27.7036842105,30.226
2016-09-13T19:10:00.000Z,26.4405263158,30.18,28.3915789474,28.159,30.81
2016-09-13T19:20:00.000Z,27.4055,30.642,29.3285,28.8494736842,31.4536842105
2016-09-13T19:30:00.000Z,26.7194736842,30.5210526316,28.8168421053,28.6252631579,30.601
2016-09-13T19:40:00.000Z,25.7663157895,29.8263157895,27.8715,27.6105,29.6984210526
2016-09-13T19:50:00.000Z,26.2885,30.8,28.4465,27.7463157895,30.34
2016-09-13T20:00:00.000Z,25.9915789474,30.144,27.6327777778,27.2005263158,29.4935
2016-09-13T20:10:00.000Z,25.35,29.2175,27.1231578947,26.99,29.2222222222
2016-09-13T20:20:00.000Z,25.2231578947,29.2036842105,27.1005263158,26.8833333333,28.7757894737
2016-09-13T20:30:00.000Z,25.3610526316,29.4721052632,27.3931578947,27.0195,29.014
2016-09-13T20:40:00.000Z,25.962,29.7675,28.0835,27.49,29.9126315789
2016-09-13T20:50:00.000Z,25.8438888889,29.2136842105,27.6731578947,27.1910526316,29.206
2016-09-13T21:00:00.000Z,25.5255,29.2568421053,27.6675,27.1715,29.0435
2016-09-13T21:10:00.000Z,24.6665,28.453,26.5757894737,26.5373684211,28.3288888889
2016-09-13T21:20:00.000Z,23.88,27.7368421053,25.6005263158,25.945,27.193
2016-09-13T21:30:00.000Z,23.1435,26.8268421053,24.6415,25.3535,26.4621052632
2016-09-13T21:40:00.000Z,22.2852631579,26.1655,23.6715789474,24.8942105263,25.4845
2016-09-13T21:50:00.000Z,20.9805555556,24.9085,22.2368421053,23.936,24.0294736842
2016-09-13T22:00:00.000Z,18.3005,22.7015789474,19.244,22.1894736842,22.0505263158
2016-09-13T22:10:00.000Z,15.4510526316,19.734,16.2173684211,19.97,19.257
2016-09-13T22:20:00.000Z,13.5668421053,17.1973684211,13.9747368421,17.6363157895,17.1305882353
2016-09-13T22:30:00.000Z,11.7126315789,15.055,11.8910526316,15.7305263158,15.4095
2016-09-13T22:40:00.000Z,11.0821052632,14.3689473684,11.0726315789,15.085,14.6263157895
2016-09-13T22:50:00.000Z,10.1195,13.742,10.1715,14.1436842105,13.8452631579
2016-09-13T23:00:00.000Z,8.9726315789,13.0815,9.1321052632,13.2135,13.122
2016-09-13T23:10:00.000Z,8.2436842105,12.6252631579,8.4245,12.3663157895,12.531
2016-09-13T23:20:00.000Z,7.5136842105,11.655,7.7994736842,11.5035,11.807
2016-09-13T23:30:00.000Z,6.984,10.7068421053,7.1885,10.7921052632,10.7716666667
2016-09-13T23:40:00.000Z,6.7,9.9675,7.2036842105,10.5352631579,10.251
2016-09-13T23:50:00.000Z,6.7221052632,9.9252631579,6.9231578947,10.301,10.4715789474
2016-09-14T00:00:00.000Z,6.669,10.1488888889,6.859,10.2966666667,10.4705263158
2016-09-14T00:10:00.000Z,6.3294444444,9.6815,6.6,10.0531578947,10.069
2016-09-14T00:20:00.000Z,5.6161111111,8.9194736842,5.7684210526,9.3785,9.4231578947
2016-09-14T00:30:00.000Z,5.7373684211,9.39,5.87,9.287,9.6684210526
2016-09-14T00:40:00.000Z,5.8765,9.3263157895,6.3165,9.4044444444,10.0215789474
2016-09-14T00:50:00.000Z,5.5015789474,8.695,5.8363157895,9.0584210526,9.144
2016-09-14T01:00:00.000Z,4.8484210526,8.0689473684,4.9857894737,8.369,8.4605
2016-09-14T01:10:00.000Z,4.6565,7.9426315789,4.8475,8.4678947368,8.6515789474
2016-09-14T01:20:00.000Z,4.5783333333,7.7265,4.5042105263,8.2636842105,8.4705
2016-09-14T01:30:00.000Z,4.5710526316,7.5231578947,4.5052631579,8.205,8.4247368421
2016-09-14T01:40:00.000Z,4.555,7.5457894737,4.795,8.3494736842,8.7163157895
2016-09-14T01:50:00.000Z,4.4426315789,7.4725,4.8068421053,8.1784210526,8.715
2016-09-14T02:00:00.000Z,4.3878947368,7.1389473684,4.5726315789,7.89,8.4252631579
2016-09-14T02:10:00.000Z,4.4835,7.0763157895,4.9765,8.0425,8.4026315789
2016-09-14T02:20:00.000Z,4.1826315789,6.9345,4.5484210526,7.7494736842,8.011
2016-09-14T02:30:00.000Z,3.9352631579,6.6011111111,4.1115789474,7.3405,7.7163157895
2016-09-14T02:40:00.000Z,3.179,6.3347368421,3.345,6.8184210526,7.3315789474
2016-09-14T02:50:00.000Z,2.9594444444,6.1757894737,2.9627777778,6.7215789474,7.0963157895
2016-09-14T03:00:00.000Z,3.1905,6.0905263158,3.2065,6.8710526316,7.1078947368
2016-09-14T03:10:00.000Z,3.1978947368,6.2215,3.2026315789,6.7572222222,7.0516666667
2016-09-14T03:20:00.000Z,3.2942105263,5.8447368421,3.6957894737,6.519,7.1375
2016-09-14T03:30:00.000Z,3.536,5.2252631579,3.824,6.5815789474,7.1826315789
2016-09-14T03:40:00.000Z,2.8647368421,5.1815789474,2.8668421053,6.2725,6.4752631579
2016-09-14T03:50:00.000Z,2.16,5.318,2.1721052632,5.7478947368,5.7645
2016-09-14T04:00:00.000Z,1.4010526316,4.504,1.4426315789,5.145,5.1263157895
2016-09-14T04:10:00.000Z,1.6035,4.6889473684,1.6305,5.1494736842,5.4694736842
2016-09-14T04:20:00.000Z,1.9784210526,4.9805,2.1811111111,5.8010526316,6.0285
2016-09-14T04:30:00.000Z,2.752,5.3742105263,3.175,6.804,6.8361111111
2016-09-14T04:40:00.000Z,3.993,6.405,4.1889473684,7.77,7.4525
2016-09-14T04:50:00.000Z,4.6994736842,7.2316666667,5.0526315789,8.45,8.1357894737
2016-09-14T05:00:00.000Z,5.1345,7.584,5.538,8.9626315789,8.4584210526
2016-09-14T05:10:00.000Z,5.0952631579,7.8673684211,5.3994736842,8.9410526316,8.6345
2016-09-14T05:20:00.000Z,4.88,7.5545,5.158,8.513,8.1668421053
2016-09-14T05:30:00.000Z,4.8389473684,7.565,5.0085,8.4257894737,7.9905
2016-09-14T05:40:00.000Z,4.4310526316,7.3642105263,4.528,8.0625,7.7394736842
2016-09-14T05:50:00.000Z,3.464,7.0321052632,3.3268421053,7.2047368421,7.3210526316
2016-09-14T06:00:00.000Z,2.5978947368,6.5085,2.1163157895,6.2727777778,6.8725
2016-09-14T06:10:00.000Z,1.9085,6.0578947368,1.567,5.7245,6.3235
2016-09-14T06:20:00.000Z,1.4577777778,5.389,1.1726315789,5.3852631579,6.09
2016-09-14T06:30:00.000Z,1.0789473684,5.0205263158,0.8952631579,4.992,5.5142105263
2016-09-14T06:40:00.000Z,0.6785,4.6136842105,0.662,4.7631578947,5.0621052632
2016-09-14T06:50:00.000Z,0.4252631579,4.3705,0.1605,4.5755,4.779
2016-09-14T07:00:00.000Z,0.229,4.1615789474,0.1075,4.391,4.7436842105
2016-09-14T07:10:00.000Z,0.4457894737,4.0645,0.3668421053,4.4315789474,4.88
2016-09-14T07:20:00.000Z,0.7578947368,4.0863157895,0.4784210526,4.5235,5.042
2016-09-14T07:30:00.000Z,1.1875,4.4094736842,0.4815,5.0842105263,5.3952631579
2016-09-14T07:40:00.000Z,1.9026315789,5.3775,1.0355,5.5822222222,5.734
2016-09-14T07:50:00.000Z,2.6395,5.775,1.749,6.283,6.3789473684
2016-09-14T08:00:00.000Z,2.6947368421,5.714,1.8568421053,6.3905263158,6.447
2016-09-14T08:10:00.000Z,2.4605263158,5.5978947368,1.8131578947,6.202,6.2289473684
2016-09-14T08:20:00.000Z,2.183,5.4273684211,1.695,6.0484210526,5.8452631579
2016-09-14T08:30:00.000Z,2.3094736842,5.3105263158,1.5884210526,6.129,6.0195
2016-09-14T08:40:00.000Z,2.428,5.3221052632,1.61,5.9942105263,5.8989473684
2016-09-14T08:50:00.000Z,2.1338888889,5.175,1.2289473684,5.9626315789,5.735
2016-09-14T09:00:00.000Z,1.7636842105,4.9505,1.1842105263,5.765,5.4378947368
2016-09-14T09:10:00.000Z,1.766,4.961,1.161,5.6078947368,5.3631578947
2016-09-14T09:20:00.000Z,1.8389473684,4.8715789474,1.1155555556,5.7052631579,5.4810526316
2016-09-14T09:30:00.000Z,2.0094736842,4.9673684211,1.1394736842,5.6305263158,5.8875
2016-09-14T09:40:00.000Z,2.2535,5.0742105263,1.288,5.8255,5.8878947368
2016-09-14T09:50:00.000Z,2.2452631579,5.1335,1.2726315789,5.9310526316,5.9085
2016-09-14T10:00:00.000Z,2.135,5.094,1.1836842105,5.9785,5.8457894737
2016-09-14T10:10:00.000Z,1.828,4.88,1.1405,5.5773684211,5.5763157895
2016-09-14T10:20:00.000Z,1.7115789474,5.0626315789,1.0389473684,5.591,5.4295
2016-09-14T10:30:00.000Z,1.696,4.8173684211,1.225,5.582,5.4366666667
2016-09-14T10:40:00.000Z,1.86,4.7795,2.5415789474,5.581,5.012
2016-09-14T10:50:00.000Z,2.4955555556,5.1273684211,4.47,6.009,5.3410526316
2016-09-14T11:00:00.000Z,3.677,6.15,6.401,6.8826315789,6.1768421053
2016-09-14T11:10:00.000Z,4.8268421053,7.6315789474,8.4257894737,7.8573684211,7.278
2016-09-14T11:20:00.000Z,6.121,9.0052631579,10.182,8.9705,8.5105555556
2016-09-14T11:30:00.000Z,7.15,10.048,11.0278947368,10,9.5805
2016-09-14T11:40:00.000Z,7.9531578947,10.6526315789,11.8678947368,10.8468421053,10.5242105263
2016-09-14T11:50:00.000Z,8.8015789474,11.8747368421,13.112,11.7655,11.4773684211
2016-09-14T12:00:00.000Z,9.7235,13.529,14.9831578947,12.7331578947,12.5489473684
2016-09-14T12:10:00.000Z,10.3416666667,13.9736842105,15.6,13.6521052632,13.4389473684
2016-09-14T12:20:00.000Z,11.2310526316,15.2157894737,16.2415,14.6378947368,14.5555
2016-09-14T12:30:00.000Z,11.8821052632,16.4138888889,16.3521052632,15.5036842105,15.1688888889
2016-09-14T12:40:00.000Z,12.8063157895,17.273,18.2347368421,16.33,16.3931578947
2016-09-14T12:50:00.000Z,13.8021052632,18.3431578947,19.6688888889,17.6057894737,17.9645
2016-09-14T13:00:00.000Z,14.028,18.8678947368,19.563,17.863,18.3121052632
2016-09-14T13:10:00.000Z,14.2831578947,19.4395,19.4773684211,18.261,18.5545
2016-09-14T13:20:00.000Z,14.5410526316,19.0489473684,19.2542105263,18.88,19.1778947368
2016-09-14T13:30:00.000Z,14.9215,19.388,18.659,19.3926315789,19.7136842105
2016-09-14T13:40:00.000Z,15.583,20.1736842105,19.3205263158,19.8626315789,20.353
2016-09-14T13:50:00.000Z,15.827,20.3226315789,19.434,19.998,20.4526315789
2016-09-14T14:00:00.000Z,16.5331578947,21.0375,19.8042105263,20.7661111111,21.4955
2016-09-14T14:10:00.000Z,17.6263157895,22.5094736842,19.968,21.8115,22.7763157895
2016-09-14T14:20:00.000Z,17.974,22.9163157895,19.339,22.0555,22.8852631579
2016-09-14T14:30:00.000Z,18.8242105263,23.5495,19.9389473684,22.9185,23.6925
2016-09-14T14:40:00.000Z,19.287,24.1363157895,19.8721052632,23.4985,24.1047368421
2016-09-14T14:50:00.000Z,19.04,23.5257894737,19.3326315789,23.13,23.6768421053
2016-09-14T15:00:00.000Z,19.2742105263,23.6121052632,19.6342105263,23.3155,23.7510526316
2016-09-14T15:10:00.000Z,19.6415,23.8061111111,19.9145,23.1194736842,23.7510526316
2016-09-14T15:20:00.000Z,20.65,25.2325,20.9926315789,24.2226315789,25.385
2016-09-14T15:30:00.000Z,21.0226315789,26.12,21.4294736842,24.96,26.2926315789
2016-09-14T15:40:00.000Z,21.1095,25.5647368421,22.204,24.9678947368,26.3242105263
2016-09-14T15:50:00.000Z,20.2689473684,24.382,21.5968421053,24.1263157895,25.2515
2016-09-14T16:00:00.000Z,20.5831578947,24.1152631579,21.5289473684,24.017,25.3626315789
2016-09-14T16:10:00.000Z,21.7095,25.3726315789,22.77,25.0842105263,26.461
2016-09-14T16:20:00.000Z,22.1147368421,25.7185,23.6031578947,25.5315789474,27.0495
2016-09-14T16:30:00.000Z,22.92,26.5168421053,24.4773684211,26.2075,27.9389473684
2016-09-14T16:40:00.000Z,21.5894736842,24.7321052632,22.3136842105,24.3815,25.2573684211
2016-09-14T16:50:00.000Z,22.2575,25.4265,23.11,25.1605263158,26.4436842105
2016-09-14T17:00:00.000Z,24.2747368421,27.8311111111,24.9336842105,27.203,29.042
2016-09-14T17:10:00.000Z,23.8910526316,27.5021052632,24.6573684211,26.5315,28.2068421053
2016-09-14T17:20:00.000Z,24.716,27.7935,25.5,27.11,28.5705263158
2016-09-14T17:30:00.000Z,25.6710526316,28.7315789474,26.3415789474,28.0468421053,29.6655
2016-09-14T17:40:00.000Z,25.0321052632,27.7416666667,25.9855,27.233,28.5494736842
2016-09-14T17:50:00.000Z,24.869,28.0775,25.9031578947,27.18,28.6463157895
2016-09-14T18:00:00.000Z,24.8615789474,28.6584210526,26.0363157895,26.9115789474,29.0955
2016-09-14T18:10:00.000Z,26.5945,30.5431578947,28.0395,28.27,31.1215789474
2016-09-14T18:20:00.000Z,26.9905,30.1855,28.4152631579,28.3884210526,31.3355
2016-09-14T18:30:00.000Z,23.9636842105,27.132,25.4373684211,26.359,27.4894736842
2016-09-14T18:40:00.000Z,22.8375,25.4277777778,23.9505,25.5852631579,25.8742105263
2016-09-14T18:50:00.000Z,21.3331578947,24.464,22.4725,24.5844444444,24.666
2016-09-14T19:00:00.000Z,20.7426315789,23.8905263158,21.831,23.864,24.0931578947
2016-09-14T19:10:00.000Z,20.272,23.7115,21.4155,23.4510526316,23.693
2016-09-14T19:20:00.000Z,20.986,24.6345,22.4715789474,23.9873684211,24.817
2016-09-14T19:30:00.000Z,21.5473684211,24.9052631579,22.653,24.261,25.1835
2016-09-14T19:40:00.000Z,20.702,24.0942105263,21.778,23.74,24.2215789474
2016-09-14T19:50:00.000Z,23.4821052632,27.1315,25.4689473684,25.6836842105,27.5805
2016-09-14T20:00:00.000Z,25.9225,29.44,27.8165,27.4575,30.2015789474
2016-09-14T20:10:00.000Z,25.5647368421,29.7585,27.8310526316,27.1794736842,29.7836842105
2016-09-14T20:20:00.000Z,26.1410526316,30.4666666667,28.2457894737,27.47,30.031
2016-09-14T20:30:00.000Z,25.566,30.1784210526,27.8065,27.4575,29.6977777778
2016-09-14T20:40:00.000Z,25.1494736842,29.4005,27.2142105263,27.1578947368,29.1245
2016-09-14T20:50:00.000Z,25.0321052632,29.1921052632,26.5916666667,26.8865,28.5389473684
2016-09-14T21:00:00.000Z,24.85,29.2563157895,26.7105,26.7631578947,28.5494736842
2016-09-14T21:10:00.000Z,24.6284210526,29.2575,26.7436842105,26.9066666667,28.29
2016-09-14T21:20:00.000Z,23.7631578947,28.5205555556,25.7789473684,26.227,27.7257894737
2016-09-14T21:30:00.000Z,22.8775,27.8436842105,24.9895,25.6484210526,27.0726315789
2016-09-14T21:40:00.000Z,22.1889473684,26.5315,24.2084210526,25.1677777778,25.942
2016-09-14T21:50:00.000Z,20.0889473684,23.9847368421,21.5421052632,23.386,23.3568421053
2016-09-14T22:00:00.000Z,16.8445,20.3445,17.466,20.599,20.0252631579
2016-09-14T22:10:00.000Z,14.647,17.6273684211,15.1184210526,18.6321052632,17.7105
2016-09-14T22:20:00.000Z,12.7235,15.9,13.1965,16.692,15.98
2016-09-14T22:30:00.000Z,11.8515789474,15.0135,12.2378947368,15.5678947368,15.0035
2016-09-14T22:40:00.000Z,11.3694736842,14.2305263158,11.8778947368,14.9815,14.5621052632
2016-09-14T22:50:00.000Z,10.943,13.132,11.565,14.5947368421,14.1868421053
2016-09-14T23:00:00.000Z,10.5015789474,12.4495,11.108,13.6957894737,13.6505
2016-09-14T23:10:00.000Z,10.0852631579,12.2910526316,10.481,13.011,12.85
2016-09-14T23:20:00.000Z,9.4695,12.132,9.5926315789,12.6784210526,12.5605263158
2016-09-14T23:30:00.000Z,9.2094736842,12.3155,9.467,12.6645,12.592
2016-09-14T23:40:00.000Z,8.9084210526,12.0231578947,9.2542105263,12.5278947368,12.5694444444
2016-09-14T23:50:00.000Z,8.5226315789,11.7768421053,8.766,12.0873684211,12.142
2016-09-15T00:00:00.000Z,8.4915,11.7763157895,8.6925,12.092,12.0342105263
2016-09-15T00:10:00.000Z,8.1673684211,11.5635,8.3384210526,11.8310526316,11.7875
2016-09-15T00:20:00.000Z,7.635,11.2205263158,8.1905263158,11.5215,11.5383333333
2016-09-15T00:30:00.000Z,7.1175,10.8005,7.7535,11.1247368421,11.0810526316
2016-09-15T00:40:00.000Z,7.2485,10.7821052632,7.9563157895,11.0955,10.8915
2016-09-15T00:50:00.000Z,7.0665,10.2183333333,7.444,10.668,10.5573684211
2016-09-15T01:00:00.000Z,6.5836842105,9.723,6.8673684211,10.1610526316,10.2
2016-09-15T01:10:00.000Z,6.2836842105,9.5395,6.4978947368,9.8333333333,10.0395
2016-09-15T01:20:00.000Z,5.6405263158,8.9515789474,5.933,9.2245,9.439
2016-09-15T01:30:00.000Z,5.5315,8.839,5.7136842105,8.9866666667,9.1327777778
2016-09-15T01:40:00.000Z,5.0205263158,8.2115789474,5.2436842105,8.4805,8.8695
2016-09-15T01:50:00.000Z,4.7185,7.4815789474,5.0825,8.22,8.4468421053
2016-09-15T02:00:00.000Z,4.3447368421,7.3915,4.6278947368,7.9,8.1242105263
2016-09-15T02:10:00.000Z,4.0215789474,7.2352631579,3.9421052632,7.7565,7.8557894737
2016-09-15T02:20:00.000Z,3.698,6.8505263158,3.686,7.3736842105,7.5773684211
2016-09-15T02:30:00.000Z,3.473,6.6884210526,3.6745,7.261,7.5136842105
2016-09-15T02:40:00.000Z,2.9936842105,6.0585,3.2595,6.9263157895,7.0975
2016-09-15T02:50:00.000Z,2.6826315789,6.0052631579,2.836,6.599,6.8189473684
2016-09-15T03:00:00.000Z,2.7315,6.221,2.9684210526,6.5931578947,6.874
2016-09-15T03:10:00.000Z,2.6427777778,5.9842105263,2.7326315789,6.466,6.5842105263
2016-09-15T03:20:00.000Z,2.4785,5.8773684211,2.313,6.1095,6.2394736842
2016-09-15T03:30:00.000Z,2.3526315789,5.7645,2.1455555556,6.141,6.395
2016-09-15T03:40:00.000Z,1.9705,5.5447368421,1.811,5.8665,5.9783333333
2016-09-15T03:50:00.000Z,1.8284210526,5.6625,1.8005263158,5.8336842105,6.049
2016-09-15T04:00:00.000Z,2.0531578947,5.4810526316,2.0268421053,5.836,6.0052631579
2016-09-15T04:10:00.000Z,1.8385,5.744,1.7475,5.6410526316,5.8015789474
2016-09-15T04:20:00.000Z,1.7847368421,5.724,1.7678947368,5.7921052632,5.755
2016-09-15T04:30:00.000Z,1.329,5.0636842105,1.3425,5.3485,5.3205263158
2016-09-15T04:40:00.000Z,0.9084210526,4.85,1.1278947368,5.0410526316,5.1445
2016-09-15T04:50:00.000Z,1.116,4.5063157895,1.3294736842,5.0825,5.0852631579
2016-09-15T05:00:00.000Z,0.993,4.3773684211,1.076,4.8378947368,4.8063157895
2016-09-15T05:10:00.000Z,0.6842105263,3.9915,0.6363157895,4.6036842105,4.503
2016-09-15T05:20:00.000Z,0.485,3.9578947368,0.513,4.3905,4.5389473684
2016-09-15T05:30:00.000Z,0.2521052632,3.8295,0.12,4.1626315789,4.2885
2016-09-15T05:40:00.000Z,0.0163157895,3.6363157895,0.0636842105,4.104,4.2473684211
2016-09-15T05:50:00.000Z,0.0655,3.8189473684,-0.0935,4.2157894737,4.3010526316
2016-09-15T06:00:00.000Z,0.2326315789,3.9615,0.1873684211,4.1842105263,4.37
2016-09-15T06:10:00.000Z,0.6926315789,4.0647368421,0.5135,4.483,4.815
2016-09-15T06:20:00.000Z,1.269,4.4115,0.9610526316,5.0421052632,4.8705
2016-09-15T06:30:00.000Z,1.0245,4.2905263158,1.0052631579,4.6975,4.6794736842
2016-09-15T06:40:00.000Z,0.851,4.0852631579,0.545,4.6461111111,4.7947368421
2016-09-15T06:50:00.000Z,0.6610526316,3.8905,0.4422222222,4.555,4.6565
2016-09-15T07:00:00.000Z,0.588,3.8305,0.342,4.3095,4.3436842105
2016-09-15T07:10:00.000Z,0.6726315789,3.85,0.0305263158,4.3121052632,4.5063157895
2016-09-15T07:20:00.000Z,1.624,4.4947368421,0.6705263158,4.9725,5.256
2016-09-15T07:30:00.000Z,2.224,5.1052631579,1.1825,5.8121052632,5.9184210526
2016-09-15T07:40:00.000Z,2.2247368421,5.2375,1.6447368421,5.9185,5.846
2016-09-15T07:50:00.000Z,2.0105,5.1594736842,1.6735,5.724,5.7815789474
2016-09-15T08:00:00.000Z,2.16,5.379,1.7115789474,5.9595,5.8665
2016-09-15T08:10:00.000Z,2.2784210526,5.7252631579,2.3952631579,6.0705,5.9952631579
2016-09-15T08:20:00.000Z,2.387,5.8989473684,2.5685,6.2826315789,6.1331578947
2016-09-15T08:30:00.000Z,2.02,5.552,2.1605263158,6.1536842105,5.7135
2016-09-15T08:40:00.000Z,1.837,5.3895,2.1315,5.918,5.7152631579
2016-09-15T08:50:00.000Z,1.8710526316,5.3895,2.0368421053,5.9238888889,5.6335
2016-09-15T09:00:00.000Z,2.17,5.4063157895,1.8573684211,5.8989473684,5.8442105263
2016-09-15T09:10:00.000Z,1.9595,5.4057894737,2.2275,5.8865,5.7810526316
2016-09-15T09:20:00.000Z,1.7310526316,5.3895,2.2394736842,5.6521052632,5.6405263158
2016-09-15T09:30:00.000Z,1.5822222222,4.9673684211,1.9484210526,5.45,5.3985
2016-09-15T09:40:00.000Z,1.198,4.5035,1.5015,5.0094736842,4.861
2016-09-15T09:50:00.000Z,1.2189473684,4.2042105263,1.4084210526,4.85,4.87
2016-09-15T10:00:00.000Z,1.309,4.3915,1.6725,5.0415789474,5.1594736842
2016-09-15T10:10:00.000Z,1.5610526316,4.7,1.5436842105,5.3852631579,5.256
2016-09-15T10:20:00.000Z,1.8475,5.1489473684,1.843,5.7645,5.4805263158
2016-09-15T10:30:00.000Z,2.0526315789,5.3685,2.1105555556,5.8973684211,5.6325
2016-09-15T10:40:00.000Z,2.2026315789,5.389,3.0468421053,5.968,5.76
2016-09-15T10:50:00.000Z,3.3305,6.1605,5.1084210526,6.7431578947,6.2836842105
2016-09-15T11:00:00.000Z,4.4715,7.16,6.7221052632,7.8285,7.3
2016-09-15T11:10:00.000Z,5.642,8.1994736842,8.5105,8.7268421053,8.4368421053
2016-09-15T11:20:00.000Z,6.7226315789,9.3775,9.8483333333,9.8510526316,9.612
2016-09-15T11:30:00.000Z,7.7489473684,10.4278947368,10.5342105263,10.9125,10.6415789474
2016-09-15T11:40:00.000Z,8.6135,11.421,11.5335,11.8947368421,11.3373684211
2016-09-15T11:50:00.000Z,9.3363157895,12.23,11.9684210526,12.6845,12.142
2016-09-15T12:00:00.000Z,10.2105,13.2026315789,13.2485,13.6915,13.2573684211
2016-09-15T12:10:00.000Z,11.2310526316,14.1644444444,14.0716666667,14.5942105263,14.0694736842
2016-09-15T12:20:00.000Z,11.7010526316,14.8705,14.3457894737,15.1294736842,14.657
2016-09-15T12:30:00.000Z,12.4094736842,15.6647368421,15.9378947368,15.8052631579,15.6763157895
2016-09-15T12:40:00.000Z,13.4821052632,17.019,17.2242105263,17.0895,16.8668421053
2016-09-15T12:50:00.000Z,14.4863157895,18.2457894737,18.37,18.0126315789,17.99
2016-09-15T13:00:00.000Z,15.399,19.205,19.2215,19.0389473684,19.0610526316
2016-09-15T13:10:00.000Z,16.2,20.2494736842,20.1073684211,19.6494736842,20.048
2016-09-15T13:20:00.000Z,17.0495,21.3542105263,21.001,20.783,21.2794736842
2016-09-15T13:30:00.000Z,18.0226315789,22.8675,21.8105263158,21.8357894737,22.3905
2016-09-15T13:40:00.000Z,18.7715789474,23.8910526316,22.0789473684,22.695,23.4365
2016-09-15T13:50:00.000Z,19.632,25.1168421053,22.738,23.672,24.3721052632
2016-09-15T14:00:00.000Z,20.7315789474,26.2875,23.9626315789,24.7633333333,25.729
2016-09-15T14:10:00.000Z,21.4189473684,26.9652631579,23.8952631579,25.393,26.1488888889
2016-09-15T14:20:00.000Z,22.41,27.9394736842,24.4195,25.9688888889,26.9342105263
2016-09-15T14:30:00.000Z,23.0894736842,28.6875,24.8315,26.8173684211,27.7415
2016-09-15T14:40:00.000Z,24.6173684211,29.63,26.038,28.2905,29.4836842105
2016-09-15T14:50:00.000Z,24.5355,29.0842105263,25.326,28.1695,29.1284210526
2016-09-15T15:00:00.000Z,25.1584210526,29.462,25.7005263158,28.7963157895,29.687
2016-09-15T15:10:00.000Z,25.7236842105,29.835,25.9131578947,29.0636842105,30.3427777778
2016-09-15T15:20:00.000Z,25.82,29.8285,26.2731578947,29.35,30.683
2016-09-15T15:30:00.000Z,25.2221052632,29.3005263158,25.8944444444,28.738,29.7310526316
2016-09-15T15:40:00.000Z,25.484,30.1045,26.37,29.073,30.4036842105
2016-09-15T15:50:00.000Z,25.7552631579,29.8047368421,26.6321052632,29.3336842105,30.6215
2016-09-15T16:00:00.000Z,26.1421052632,29.89,27.1445,29.627,30.7147368421
2016-09-15T16:10:00.000Z,25.6875,29.5435,26.7431578947,29.5047368421,30.8642105263
2016-09-15T16:20:00.000Z,25.87,29.8205882353,27.0644444444,29.8564705882,30.8972222222
2016-09-15T16:30:00.000Z,25.8105263158,29.6768421053,27.0452631579,29.4215,30.65
2016-09-15T16:40:00.000Z,26.7855,30.449,27.8275,30.1405555556,31.4742105263
2016-09-15T16:50:00.000Z,27.2222222222,30.4,27.8344444444,30.5010526316,31.3242105263
2016-09-15T17:00:00.000Z,27.1515,30.5715,27.7745,30.0615789474,31.3257894737
2016-09-15T17:10:00.000Z,27.8226315789,31.0905263158,28.5373684211,30.5657894737,31.934
2016-09-15T17:20:00.000Z,28.1863157895,31.4094736842,28.946,30.815,32.0421052632
2016-09-15T17:30:00.000Z,27.7815,31.375,28.3915789474,30.4373684211,31.3745
2016-09-15T17:40:00.000Z,28.2389473684,32.0952631579,29.1642105263,30.9810526316,32.2075
2016-09-15T17:50:00.000Z,28.403,32.2131578947,29.6485,30.999,32.3621052632
2016-09-15T18:00:00.000Z,27.1689473684,30.7635,27.9652631579,29.7305263158,30.7035
2016-09-15T18:10:00.000Z,25.5210526316,28.6894736842,26.3847368421,28.2495,28.6894736842
2016-09-15T18:20:00.000Z,24.89,28.2505263158,26.061,27.7363157895,28.1542105263
2016-09-15T18:30:00.000Z,25.8942105263,29.391,27.603,28.6884210526,29.5225
2016-09-15T18:40:00.000Z,25.5752631579,29.035,26.9,28.4094444444,28.82
2016-09-15T18:50:00.000Z,26.3773684211,29.5573684211,27.9752631579,29.135,29.9631578947
2016-09-15T19:00:00.000Z,28.6565,31.8461111111,30.4475,30.8963157895,32.2895
2016-09-15T19:10:00.000Z,27.03,30.286,28.5415,29.7173684211,30.2455
2016-09-15T19:20:00.000Z,25.5215789474,28.6678947368,26.7889473684,28.423,28.6352631579
2016-09-15T19:30:00.000Z,24.363,27.498,25.497,27.5442105263,27.4263157895
2016-09-15T19:40:00.000Z,23.9221052632,27.163,25.0884210526,27.152,27.2125
2016-09-15T19:50:00.000Z,25.9936842105,29.72,27.7415789474,28.6257894737,29.8116666667
2016-09-15T20:00:00.000Z,24.7231578947,28.453,26.1273684211,27.9294736842,28.2289473684
2016-09-15T20:10:00.000Z,26.35,30.571,28.3126315789,28.8515,30.2547368421
2016-09-15T20:20:00.000Z,28.1326315789,32.6415789474,30.3752631579,30.4268421053,32.02
2016-09-15T20:30:00.000Z,29.473,33.7673684211,31.5755,31.4205263158,33.389
2016-09-15T20:40:00.000Z,29.6984210526,34.306,32.2368421053,31.7211111111,33.593
2016-09-15T20:50:00.000Z,29.9226315789,34.6457894737,32.3710526316,31.984,33.5968421053
2016-09-15T21:00:00.000Z,29.3105,33.8585,31.7035,31.57,33.1873684211
2016-09-15T21:10:00.000Z,28.5355,33.2155,30.5447368421,30.9826315789,32.392
2016-09-15T21:20:00.000Z,28.5145,32.7268421053,30.1165,30.815,31.7842105263
2016-09-15T21:30:00.000Z,28.169,32.259,29.9952631579,30.49,31.3142105263
2016-09-15T21:40:00.000Z,27.2035,31.537,29.1089473684,29.8147368421,30.744
2016-09-15T21:50:00.000Z,25.883,30.3515789474,27.7315,28.7485,29.3138888889
2016-09-15T22:00:00.000Z,23.0447368421,27.813,24.5410526316,26.9010526316,26.877
2016-09-15T22:10:00.000Z,19.7031578947,23.4994444444,20.7236842105,23.874,22.9063157895
2016-09-15T22:20:00.000Z,17.1405,20.5585,17.6795,21.1394736842,20.2489473684
2016-09-15T22:30:00.000Z,14.9910526316,18.8285,15.5442105263,18.9863157895,18.6155
2016-09-15T22:40:00.000Z,13.7216666667,17.5475,14.2210526316,17.6285,17.4452631579
2016-09-15T22:50:00.000Z,12.581,16.2542105263,13.121,16.5342105263,16.2745
2016-09-15T23:00:00.000Z,12.1726315789,15.5625,12.4631578947,16.0168421053,15.785
2016-09-15T23:10:00.000Z,11.3938888889,14.7542105263,11.9684210526,15.3038888889,14.8638888889
2016-09-15T23:20:00.000Z,10.8778947368,14.0161111111,11.3963157895,14.566,14.708
2016-09-15T23:30:00.000Z,10.4545,13.2884210526,10.801,13.8552631579,14.435
2016-09-15T23:40:00.000Z,10.1272222222,13.0642105263,10.4394444444,13.5644444444,13.9626315789
2016-09-15T23:50:00.000Z,9.6584210526,12.9042105263,10.0745,13.417,13.3736842105
2016-09-16T00:00:00.000Z,9.0589473684,12.296,9.3426315789,12.8184210526,12.5705263158
2016-09-16T00:10:00.000Z,9.1757894737,12.3015789474,9.4905263158,12.8575,12.9085
2016-09-16T00:20:00.000Z,9.3775,12.6457894737,9.9035,12.869,13.4389473684
2016-09-16T00:30:00.000Z,9.4005263158,12.797,9.5026315789,12.8931578947,13.59
2016-09-16T00:40:00.000Z,8.8552631579,12.0331578947,9.0305263158,12.2910526316,12.6878947368
2016-09-16T00:50:00.000Z,8.39,11.4773684211,8.6605,11.818,12.1836842105
2016-09-16T01:00:00.000Z,9.1331578947,11.695,9.3563157895,12.3778947368,12.9695
2016-09-16T01:10:00.000Z,8.9831578947,11.7126315789,9.1657894737,12.509,12.7215789474
2016-09-16T01:20:00.000Z,8.472,11.4315,8.67,12.0131578947,12.0452631579
2016-09-16T01:30:00.000Z,8.2531578947,10.9622222222,8.4047368421,11.8227777778,11.8475
2016-09-16T01:40:00.000Z,8.8485,11.3163157895,9.0635,12.1425,12.847
2016-09-16T01:50:00.000Z,9.6478947368,12.1515,9.9626315789,12.6347368421,13.6210526316
2016-09-16T02:00:00.000Z,9.7315789474,12.2627777778,9.969,12.5615,13.6405
2016-09-16T02:10:00.000Z,9.438,12.2147368421,9.756,12.5478947368,13.2545
2016-09-16T02:20:00.000Z,9.3478947368,12.2535,9.7147368421,12.5057894737,13.193
2016-09-16T02:30:00.000Z,9.2842105263,12.4526315789,9.541,12.6335,13.1173684211
2016-09-16T02:40:00.000Z,9.296,12.265,9.5794736842,12.6463157895,13.0305
2016-09-16T02:50:00.000Z,9.6568421053,12.6252631579,9.8238888889,13.081,13.4821052632
2016-09-16T03:00:00.000Z,9.2345,12.5715,9.2555,12.6021052632,12.9311111111
2016-09-16T03:10:00.000Z,7.8889473684,11.1675,7.8884210526,11.38,11.462
2016-09-16T03:20:00.000Z,7.157,10.5347368421,6.8595,10.5975,10.6542105263
2016-09-16T03:30:00.000Z,6.4565,9.9055,6.4757894737,10.1715789474,10.252
2016-09-16T03:40:00.000Z,6.3363157895,9.469,6.5663157895,9.9875,9.9147368421
2016-09-16T03:50:00.000Z,5.8765,8.86,6.199,9.5,9.4978947368
2016-09-16T04:00:00.000Z,5.4810526316,8.4247368421,5.7910526316,9.0910526316,9.0215
2016-09-16T04:10:00.000Z,5.0215,8.2647368421,5.2215,8.767,8.6194736842
2016-09-16T04:20:00.000Z,4.5545,7.849,4.5715789474,8.3284210526,8.2355
2016-09-16T04:30:00.000Z,4.4521052632,7.3857894737,4.5472222222,8.0325,8.0921052632
2016-09-16T04:40:00.000Z,5.002,7.6963157895,5.1365,8.5994736842,8.4894736842
2016-09-16T04:50:00.000Z,4.9557894737,8.001,4.944,8.5647368421,8.43
2016-09-16T05:00:00.000Z,4.952,7.9531578947,5.094,8.5935,8.4205555556
2016-09-16T05:10:00.000Z,4.5063157895,7.9,4.6505263158,8.3494736842,8.195
2016-09-16T05:20:00.000Z,4.718,7.76,4.9189473684,8.4515,8.2526315789
2016-09-16T05:30:00.000Z,4.769,7.8495,4.848,8.512,8.4468421053
2016-09-16T05:40:00.000Z,4.9252631579,7.8533333333,4.7510526316,8.5757894737,8.502
2016-09-16T05:50:00.000Z,4.9515,7.8131578947,4.7505,8.645,8.4883333333
2016-09-16T06:00:00.000Z,4.7636842105,7.7685,4.7510526316,8.5978947368,8.3265
2016-09-16T06:10:00.000Z,4.2794736842,7.3852631579,4.2236842105,8.0515,7.8042105263
2016-09-16T06:20:00.000Z,3.759,7.005,3.994,7.6255,7.5568421053
2016-09-16T06:30:00.000Z,3.8610526316,6.9257894737,3.8636842105,7.5784210526,7.595
2016-09-16T06:40:00.000Z,3.8605,7.1189473684,4.1115,7.6736842105,7.6526315789
2016-09-16T06:50:00.000Z,4.1610526316,7.3505,4.4252631579,7.8136842105,7.7375
2016-09-16T07:00:00.000Z,4.441,7.5573684211,4.6952631579,8.072,7.8552631579
2016-09-16T07:10:00.000Z,4.5555,7.616,4.6025,8.2555,8.0273684211
2016-09-16T07:20:00.000Z,4.1826315789,7.5026315789,4.347,8.0225,7.7775
2016-09-16T07:30:00.000Z,3.8705,7.14,4.1325,7.7084210526,7.6
2016-09-16T07:40:00.000Z,3.7647368421,6.954,3.9315789474,7.5247368421,7.513
2016-09-16T07:50:00.000Z,3.8510526316,6.9036842105,3.9625,7.5225,7.5578947368
2016-09-16T08:00:00.000Z,3.8205,6.852,3.9561111111,7.4594736842,7.5373684211
2016-09-16T08:10:00.000Z,3.8831578947,6.7331578947,4.0016666667,7.423,7.5025
2016-09-16T08:20:00.000Z,4.0735,7.0326315789,4.272,7.6955555556,7.8147368421
2016-09-16T08:30:00.000Z,4.1831578947,7.392,4.5042105263,7.8573684211,7.8778947368
2016-09-16T08:40:00.000Z,4.3768421053,7.4068421053,4.2673684211,7.9625,7.971
2016-09-16T08:50:00.000Z,4.4625,7.483,4.176,8.0525,8.0489473684
2016-09-16T09:00:00.000Z,4.3277777778,7.35,4.2883333333,8.1884210526,7.9105
2016-09-16T09:10:00.000Z,4.42,7.4494736842,4.395,8.042,7.8363157895
2016-09-16T09:20:00.000Z,4.329,7.2995,4.5285,7.85,7.8352631579
2016-09-16T09:30:00.000Z,4.6111111111,7.7294444444,4.6427777778,8.3073684211,8.2315789474
2016-09-16T09:40:00.000Z,4.7995,7.9195,4.9545,8.4352631579,8.2321052632
2016-09-16T09:50:00.000Z,4.7022222222,7.6642105263,4.6942105263,8.35,8.1225
2016-09-16T10:00:00.000Z,4.3395,7.35,4.4645,8.032,7.7775
2016-09-16T10:10:00.000Z,4.3,7.3305,4.4745,7.971,7.7285
2016-09-16T10:20:00.000Z,4.268,7.1815789474,4.3694736842,7.8595,7.747
2016-09-16T10:30:00.000Z,4.277,7.0536842105,4.3365,7.6310526316,7.5557894737
2016-09-16T10:40:00.000Z,4.2473684211,7.036,4.3794736842,7.5042105263,7.5945
2016-09-16T10:50:00.000Z,4.534,7.2555555556,5.3365,7.7875,7.7821052632
2016-09-16T11:00:00.000Z,5.2015789474,7.848,6.3795,8.3826315789,8.3395
2016-09-16T11:10:00.000Z,6.7768421053,9.3684210526,9.6936842105,9.7747368421,9.469
2016-09-16T11:20:00.000Z,8.4036842105,11.0268421053,11.71,11.41,11.0273684211
2016-09-16T11:30:00.000Z,10.13,12.6125,13.92,13.2142105263,12.5810526316
2016-09-16T11:40:00.000Z,11.4231578947,14.209,15.6668421053,14.4855,13.9310526316
2016-09-16T11:50:00.000Z,12.1826315789,14.9910526316,16.1661111111,15.3121052632,14.9005
2016-09-16T12:00:00.000Z,13.0005,16.0184210526,17.3695,16.294,15.7610526316
2016-09-16T12:10:00.000Z,13.5047368421,16.816,17.5263157895,17.0163157895,16.4575
2016-09-16T12:20:00.000Z,14.21,17.8611111111,18.37,17.6810526316,17.2855555556
2016-09-16T12:30:00.000Z,15.1089473684,18.554,19.2089473684,18.5994736842,18.2695
2016-09-16T12:40:00.000Z,15.5505,19.1894736842,19.478,19.1035,18.9957894737
2016-09-16T12:50:00.000Z,16.1778947368,19.6115,19.915,19.886,19.6584210526
2016-09-16T13:00:00.000Z,16.754,20.6605,20.6115789474,20.5375,20.5065
2016-09-16T13:10:00.000Z,17.1915,21.262,21.214,21.0110526316,20.8942105263
2016-09-16T13:20:00.000Z,17.4973684211,21.8457894737,21.7972222222,21.4715789474,21.6905
2016-09-16T13:30:00.000Z,17.9673684211,22.1468421053,21.9773684211,22.127,22.6589473684
2016-09-16T13:40:00.000Z,18.3863157895,22.715,22.0005263158,22.635,23.0010526316
2016-09-16T13:50:00.000Z,19.1445,23.326,22.4715,23.153,23.6652631579
2016-09-16T14:00:00.000Z,19.4452631579,23.8684210526,22.4510526316,23.5577777778,24.129
2016-09-16T14:10:00.000Z,19.948,23.7505263158,22.7385,24.059,24.3926315789
2016-09-16T14:20:00.000Z,20.1942105263,23.9665,22.3273684211,23.9547368421,24.5542105263
2016-09-16T14:30:00.000Z,20.56,24.7563157895,22.0678947368,24.5442105263,25.02
2016-09-16T14:40:00.000Z,21.221,25.1157894737,22.0765,24.9195,25.4131578947
2016-09-16T14:50:00.000Z,21.8142105263,25.8105,22.5510526316,25.6378947368,26.329
2016-09-16T15:00:00.000Z,22.5847368421,26.3873684211,23.2165,26.4521052632,27.3184210526
2016-09-16T15:10:00.000Z,22.8531578947,27.1147368421,23.5363157895,26.9895,27.8436842105
2016-09-16T15:20:00.000Z,23.305,27.6078947368,23.9715,27.2110526316,28.2168421053
2016-09-16T15:30:00.000Z,23.5594736842,27.8135,24.6005263158,27.5442105263,28.555
2016-09-16T15:40:00.000Z,24.150625,28.39,25.395625,28.0358823529,29.45875
